ORDER_ID,RECOMMENDATION_1,RECOMMENDATION_2,RECOMMENDATION_3
9351345556,10 pc Grilled Wings Combo,2 pc Crispy Strips,Regular Buffalo Fries
3595377080,Ranch Dip - Regular,10 pc Grilled Wings,2 pc Crispy Strips
4071757785,Regular Buffalo Fries,10 pc Grilled Wings,Ranch Dip - Large
3931766769,Ranch Dip - Regular,Regular Buffalo Fries,20pc Spicy Feast Deal
3739700809,Ranch Dip - Regular,Large Buffalo Fries,10 pc Spicy Wings
1160484742,Ranch Dip - Regular,2 pc Crispy Strips,20pc Spicy Feast Deal
3507129215,Regular Buffalo Fries,10 pc Grilled Wings,10 pc Grilled Wings Combo
2494847505,10 pc Grilled Wings Combo,Regular Buffalo Fries,20pc Spicy Feast Deal
9679605865,20pc Spicy Feast Deal,Regular Buffalo Fries,10 pc Grilled Wings Combo
8053157007,10 pc Spicy Wings,10 pc Grilled Wings,Ranch Dip - Large
1472986083,Ranch Dip - Regular,6 pc Grilled Wings Combo,2 pc Crispy Strips
5119671888,Ranch Dip - Regular,Fried Corn - Regular,10 pc Spicy Wings
71920208,Ranch Dip - Regular,Regular Buffalo Fries,10 pc Grilled Wings Combo
6921313413,10 pc Grilled Wings Combo,20pc Spicy Feast Deal,Regular Buffalo Fries
1458039332,10 pc Grilled Wings Combo,Regular Buffalo Fries,20pc Spicy Feast Deal
8599974689,Ranch Dip - Regular,20pc Spicy Feast Deal,Regular Buffalo Fries
3813306858,Ranch Dip - Regular,Regular Buffalo Fries,Grilled Lunch Combo
6103196605,Ranch Dip - Regular,10 pc Grilled Wings Combo,2 pc Crispy Strips
1733472163,Regular Buffalo Fries,Blue Cheese Dip - Regular,10 pc Grilled Wings Combo
9115730530,Regular Buffalo Fries,20pc Spicy Feast Deal,10 pc Grilled Wings
6675277727,Ranch Dip - Regular,Regular Buffalo Fries,20pc Spicy Feast Deal
786744543,Ranch Dip - Regular,Regular Buffalo Fries,15 pc Crispy Strips
3897845188,10 pc Grilled Wings Combo,Regular Buffalo Fries,10 pc Grilled Wings
4587042437,20pc Spicy Feast Deal,10 pc Spicy Wings,10 pc Grilled Wings
3772126021,Regular Buffalo Fries,10 pc Grilled Wings,10 pc Grilled Wings Combo
9876633715,Ranch Dip - Regular,6 pc Grilled Wings Combo,Fried Corn - Regular
5581851889,10 pc Spicy Wings,20pc Spicy Feast Deal,10 pc Grilled Wings
2603279335,Ranch Dip - Regular,Regular Buffalo Fries,20pc Spicy Feast Deal
6369834776,Ranch Dip - Regular,10 pc Grilled Wings Combo,20pc Spicy Feast Deal
8063821668,Ranch Dip - Regular,20pc Spicy Feast Deal,Chicken Sub Combo
2931287031,Regular Buffalo Fries,10 pc Grilled Wings,20pc Spicy Feast Deal
5434557025,Ranch Dip - Regular,Regular Buffalo Fries,6 pc Grilled Wings Combo
8268916448,Ranch Dip - Large,Regular Buffalo Fries,10 pc Grilled Wings Combo
8140769629,10 pc Grilled Wings,10 pc Spicy Wings,10 pc Grilled Wings Combo
3474583684,Ranch Dip - Regular,Regular Buffalo Fries,20pc Spicy Feast Deal
3461378541,10 pc Spicy Wings,10 pc Grilled Wings,10 pc Grilled Wings Combo
8619245253,Ranch Dip - Regular,Regular Buffalo Fries,20pc Spicy Feast Deal
9425701393,10 pc Grilled Wings Combo,Regular Buffalo Fries,10 pc Grilled Wings
9376327890,Ranch Dip - Regular,Regular Buffalo Fries,10 pc Spicy Wings
4182647480,Ranch Dip - Regular,Regular Buffalo Fries,20pc Spicy Feast Deal
4003611924,20pc Spicy Feast Deal,Regular Buffalo Fries,2 pc Crispy Strips
9664258299,Ranch Dip - Regular,20pc Spicy Feast Deal,20 pc Grilled Wings
6513020303,Ranch Dip - Regular,Regular Buffalo Fries,Fried Corn - Regular
3038848982,Ranch Dip - Regular,20pc Spicy Feast Deal,6 pc Grilled Wings Combo
8376685289,Ranch Dip - Regular,10 pc Grilled Wings,10 pc Grilled Wings Combo
5557489897,Regular Buffalo Fries,10 pc Grilled Wings Combo,10 pc Spicy Wings
5074642260,Regular Buffalo Fries,10 pc Grilled Wings Combo,10 pc Grilled Wings
8463957236,Ranch Dip - Regular,20pc Spicy Feast Deal,10 pc Grilled Wings Combo
8529031849,Ranch Dip - Regular,Regular Buffalo Fries,Celery Sticks
2360269841,20pc Spicy Feast Deal,Regular Buffalo Fries,10 pc Grilled Wings
6957515655,Ranch Dip - Regular,10 pc Spicy Wings,10 pc Grilled Wings
560924059,Ranch Dip - Regular,10 pc Grilled Wings,20pc Spicy Feast Deal
7557215476,10 pc Grilled Wings Combo,2 pc Crispy Strips,Regular Buffalo Fries
7576879386,Ranch Dip - Regular,Regular Buffalo Fries,2 pc Crispy Strips
2024803542,Ranch Dip - Regular,2 pc Crispy Strips,10 pc Grilled Wings Combo
958258271,Ranch Dip - Regular,20pc Spicy Feast Deal,10 pc Spicy Wings
1115322441,Ranch Dip - Regular,Regular Buffalo Fries,10 pc Grilled Wings
8289961904,Ranch Dip - Regular,Regular Buffalo Fries,30 pc Grilled Wings
8903503849,Ranch Dip - Regular,Regular Buffalo Fries,20pc Spicy Feast Deal
4696392549,Ranch Dip - Regular,10 pc Grilled Wings,20 pc Mixed Wings
8201462153,Ranch Dip - Regular,10 pc Grilled Wings Combo,20pc Spicy Feast Deal
1106412992,Ranch Dip - Regular,20pc Spicy Feast Deal,Large Buffalo Fries
6017584435,Ranch Dip - Regular,8 pc Grilled Wings Combo,20pc Spicy Feast Deal
7561380164,Ranch Dip - Regular,Regular Buffalo Fries,2 pc Crispy Strips
8313745366,Regular Buffalo Fries,10 pc Grilled Wings,10 pc Grilled Wings Combo
7412481937,Ranch Dip - Regular,10 pc Spicy Wings,10 pc Grilled Wings
9404853975,Ranch Dip - Large,Regular Buffalo Fries,10 pc Grilled Wings
5843303173,Ranch Dip - Regular,Large Buffalo Fries,10 pc Grilled Wings Combo
5634013434,Ranch Dip - Regular,Large Buffalo Fries,20pc Spicy Feast Deal
3900783085,Regular Buffalo Fries,20pc Spicy Feast Deal,10 pc Grilled Wings
3607320592,Ranch Dip - Regular,Large Buffalo Fries,20pc Spicy Feast Deal
1580421216,Ranch Dip - Regular,Regular Buffalo Fries,10 pc Spicy Wings
3428541028,Ranch Dip - Regular,20pc Spicy Feast Deal,6 pc Grilled Wings Combo
2093272018,Regular Buffalo Fries,Ranch Dip - Large,10 pc Grilled Wings
5140584474,Ranch Dip - Regular,Regular Buffalo Fries,2 pc Crispy Strips
9182095124,Ranch Dip - Large,20pc Spicy Feast Deal,Regular Buffalo Fries
9008976760,Ranch Dip - Regular,10 pc Spicy Wings,20pc Spicy Feast Deal
2610885654,Ranch Dip - Regular,Large Buffalo Fries,Fried Corn - Large
6556987230,10 pc Grilled Wings Combo,2 pc Crispy Strips,Regular Buffalo Fries
6095674121,Ranch Dip - Regular,Regular Buffalo Fries,32 Oz Soda
8239324284,Ranch Dip - Regular,10 pc Grilled Wings,Large Buffalo Fries
2235489605,10 pc Grilled Wings Combo,Regular Buffalo Fries,20pc Spicy Feast Deal
420263296,Ranch Dip - Regular,Large Buffalo Fries,10 pc Spicy Wings
2853107028,Ranch Dip - Regular,10 pc Grilled Wings,20 pc Mixed Wings
2882485535,10 pc Grilled Wings Combo,Regular Buffalo Fries,20pc Spicy Feast Deal
9388852439,10 pc Grilled Wings Combo,20pc Spicy Feast Deal,10 pc Grilled Wings
3663281732,Regular Buffalo Fries,20pc Spicy Feast Deal,10 pc Grilled Wings Combo
3205313571,8 pc Grilled Wings Combo,2 pc Crispy Strips,Regular Buffalo Fries
8488904198,Regular Buffalo Fries,10 pc Grilled Wings,Ranch Dip - Large
8833682485,Ranch Dip - Regular,Large Buffalo Fries,20pc Spicy Feast Deal
507309741,Ranch Dip - Regular,Celery Sticks,8 pc Grilled Wings Combo
1420458152,10 pc Grilled Wings,10 pc Spicy Wings,2 pc Crispy Strips
1400514220,Ranch Dip - Regular,Regular Buffalo Fries,20pc Spicy Feast Deal
8005800972,Ranch Dip - Regular,10 pc Grilled Wings Combo,Fried Corn - Regular
9195418958,10 pc Grilled Wings Combo,2 pc Crispy Strips,Regular Buffalo Fries
7616149255,2 pc Crispy Strips,8 pc Grilled Wings Combo,Regular Buffalo Fries
4743781689,Regular Buffalo Fries,10 pc Grilled Wings,10 pc Grilled Wings Combo
5459634450,Regular Buffalo Fries,Ranch Dip - Large,10 pc Spicy Wings
9761469695,Ranch Dip - Regular,Regular Buffalo Fries,20pc Spicy Feast Deal
8026870762,10 pc Spicy Wings,10 pc Grilled Wings,10 pc Grilled Wings Combo
5519604346,Ranch Dip - Regular,6 pc Grilled Wings Combo,Add 5 Grilled Wings
3443149720,Regular Buffalo Fries,Ranch Dip - Large,10 pc Spicy Wings
5695784239,Regular Buffalo Fries,10 pc Grilled Wings Combo,10 pc Grilled Wings
6539979064,10 pc Grilled Wings Combo,Regular Buffalo Fries,10 pc Grilled Wings
2100548803,Ranch Dip - Regular,Regular Buffalo Fries,30 pc Grilled Wings
9419859109,Ranch Dip - Regular,20pc Spicy Feast Deal,Large Buffalo Fries
7269411598,Ranch Dip - Regular,20pc Spicy Feast Deal,10 pc Spicy Wings
1617158734,Ranch Dip - Regular,20pc Spicy Feast Deal,10 pc Spicy Wings
7560129921,8 pc Grilled Wings Combo,2 pc Crispy Strips,Regular Buffalo Fries
3704712191,Ranch Dip - Regular,Large Buffalo Fries,20pc Spicy Feast Deal
4136734912,Ranch Dip - Regular,10 pc Spicy Wings,2 pc Crispy Strips
2250143111,Ranch Dip - Regular,Regular Buffalo Fries,20pc Spicy Feast Deal
3302991162,Ranch Dip - Large,Regular Buffalo Fries,20pc Spicy Feast Deal
7367995107,10 pc Grilled Wings,10 pc Spicy Wings,20pc Spicy Feast Deal
6251705624,Ranch Dip - Regular,2 pc Crispy Strips,10 pc Grilled Wings Combo
5055546718,Ranch Dip - Regular,Regular Buffalo Fries,20pc Spicy Feast Deal
5674301849,Ranch Dip - Regular,10 pc Grilled Wings,10 pc Spicy Wings
6235808560,Ranch Dip - Regular,10 pc Grilled Wings Combo,20pc Spicy Feast Deal
3064527094,Regular Buffalo Fries,20pc Spicy Feast Deal,10 pc Grilled Wings Combo
692173050,10 pc Grilled Wings Combo,Regular Buffalo Fries,10 pc Grilled Wings
432530606,Ranch Dip - Regular,20pc Spicy Feast Deal,2 pc Crispy Strips
6605021198,Ranch Dip - Regular,2 pc Crispy Strips,10 pc Grilled Wings Combo
1474861848,Regular Buffalo Fries,10 pc Grilled Wings,10 pc Grilled Wings Combo
6235540934,Ranch Dip - Regular,6 pc Grilled Wings Combo,Fried Corn - Regular
1084179693,Ranch Dip - Regular,Regular Buffalo Fries,20pc Spicy Feast Deal
3083081458,Regular Buffalo Fries,Ranch Dip - Regular,2 pc Crispy Strips
2471266447,Regular Buffalo Fries,10 pc Grilled Wings Combo,10 pc Spicy Wings
9277376427,Regular Buffalo Fries,10 pc Grilled Wings,10 pc Grilled Wings Combo
3822095030,10 pc Grilled Wings Combo,Regular Buffalo Fries,10 pc Grilled Wings
8635267939,Ranch Dip - Regular,Regular Buffalo Fries,20pc Spicy Feast Deal
9975385466,Regular Buffalo Fries,20pc Spicy Feast Deal,10 pc Spicy Wings
6002902756,Ranch Dip - Regular,20pc Spicy Feast Deal,Regular Buffalo Fries
9598626923,Regular Buffalo Fries,10 pc Grilled Wings,Ranch Dip - Large
2271437287,10 pc Grilled Wings Combo,Regular Buffalo Fries,20pc Spicy Feast Deal
9127618166,Ranch Dip - Regular,Regular Buffalo Fries,10 pc Grilled Wings Combo
5498030987,8 pc Grilled Wings Combo,Regular Buffalo Fries,10 pc Grilled Wings
4893379515,Ranch Dip - Regular,10 pc Grilled Wings Combo,2 pc Crispy Strips
4497037762,10 pc Grilled Wings,10 pc Spicy Wings,10 pc Grilled Wings Combo
4061743760,Regular Buffalo Fries,10 pc Grilled Wings,10 pc Grilled Wings Combo
9453738106,Ranch Dip - Regular,Regular Buffalo Fries,20pc Spicy Feast Deal
8653850514,Ranch Dip - Regular,Large Buffalo Fries,2 pc Crispy Strips
6262453914,Ranch Dip - Regular,10 pc Grilled Wings,10 pc Spicy Wings
1028695542,Ranch Dip - Regular,10 pc Grilled Wings,10 pc Spicy Wings
9052570299,Ranch Dip - Regular,10 pc Spicy Wings,10 pc Grilled Wings Combo
4773468386,Ranch Dip - Regular,Regular Buffalo Fries,20pc Spicy Feast Deal
6788771349,10 pc Grilled Wings Combo,Regular Buffalo Fries,10 pc Grilled Wings
9044746507,20pc Spicy Feast Deal,Ranch Dip - Regular,Regular Buffalo Fries
2016464487,Ranch Dip - Large,Regular Buffalo Fries,10 pc Grilled Wings
7363404487,Regular Buffalo Fries,10 pc Grilled Wings,20pc Spicy Feast Deal
9515862942,20pc Spicy Feast Deal,Ranch Dip - Regular,Large Buffalo Fries
292211849,Ranch Dip - Regular,Regular Buffalo Fries,2 pc Crispy Strips
577424637,Ranch Dip - Regular,Regular Buffalo Fries,30 pc Grilled Wings
1891310798,Regular Buffalo Fries,Ranch Dip - Large,10 pc Spicy Wings
4067339101,Ranch Dip - Regular,Regular Buffalo Fries,10 pc Spicy Wings
7233925631,10 pc Spicy Wings,10 pc Grilled Wings,10 pc Grilled Wings Combo
3311888453,Ranch Dip - Regular,Regular Buffalo Fries,15 pc Crispy Strips
7128291259,Ranch Dip - Regular,10 pc Grilled Wings Combo,Regular Buffalo Fries
4242501496,Regular Buffalo Fries,10 pc Grilled Wings Combo,10 pc Spicy Wings
3252867332,Ranch Dip - Regular,Regular Buffalo Fries,15 pc Crispy Strips
9492275642,20pc Spicy Feast Deal,Regular Buffalo Fries,10 pc Grilled Wings Combo
7332762886,Ranch Dip - Regular,20 pc Grilled Wings,Regular Buffalo Fries
1791693774,Ranch Dip - Regular,2 pc Crispy Strips,10 pc Grilled Wings Combo
5549621782,10 pc Grilled Wings Combo,10 pc Spicy Wings,10 pc Grilled Wings
7253771566,Ranch Dip - Regular,20pc Spicy Feast Deal,15 pc Crispy Strips
6488820852,Ranch Dip - Regular,20pc Spicy Feast Deal,8 pc Grilled Wings Combo
4662712535,Ranch Dip - Regular,Regular Buffalo Fries,20pc Spicy Feast Deal
8282587606,Ranch Dip - Large,Regular Buffalo Fries,10 pc Grilled Wings
1211569589,10 pc Spicy Wings,10 pc Grilled Wings,Ranch Dip - Large
5931929840,10 pc Spicy Wings,10 pc Grilled Wings,Large Buffalo Fries
937233417,Regular Buffalo Fries,10 pc Grilled Wings,10 pc Grilled Wings Combo
1836342210,Ranch Dip - Regular,10 pc Grilled Wings Combo,Fried Corn - Regular
7825139391,Ranch Dip - Regular,Regular Buffalo Fries,6 pc Grilled Wings Combo
6893279585,Ranch Dip - Regular,20pc Spicy Feast Deal,Large Buffalo Fries
4932507016,10 pc Spicy Wings,10 pc Grilled Wings,Ranch Dip - Large
693268549,Ranch Dip - Regular,6 pc Grilled Wings Combo,Fried Corn - Regular
8403128336,20pc Spicy Feast Deal,10 pc Spicy Wings,10 pc Grilled Wings
6272521896,10 pc Grilled Wings,10 pc Spicy Wings,10 pc Grilled Wings Combo
7055108210,Regular Buffalo Fries,10 pc Grilled Wings,10 pc Grilled Wings Combo
7658098544,Ranch Dip - Regular,10 pc Grilled Wings Combo,2 pc Crispy Strips
3244141341,Regular Buffalo Fries,10 pc Spicy Wings,Blue Cheese Dip - Regular
8919162423,Ranch Dip - Regular,10 pc Grilled Wings Combo,20pc Spicy Feast Deal
1228896755,Ranch Dip - Regular,6 pc Grilled Wings Combo,Add 5 Grilled Wings
1388721424,10 pc Grilled Wings Combo,Regular Buffalo Fries,10 pc Spicy Wings
8049334637,Ranch Dip - Regular,10 pc Grilled Wings Combo,Regular Buffalo Fries
668877122,Ranch Dip - Regular,10 pc Grilled Wings Combo,20pc Spicy Feast Deal
1832380165,Regular Buffalo Fries,10 pc Grilled Wings Combo,20pc Spicy Feast Deal
7454286331,Large Buffalo Fries,10 pc Grilled Wings Combo,20pc Spicy Feast Deal
8820300730,Regular Buffalo Fries,20pc Spicy Feast Deal,10 pc Grilled Wings Combo
3534967544,10 pc Grilled Wings Combo,Regular Buffalo Fries,20pc Spicy Feast Deal
4099111737,Ranch Dip - Regular,20pc Spicy Feast Deal,10 pc Spicy Wings
5692983309,Regular Buffalo Fries,20pc Spicy Feast Deal,Ranch Dip - Large
2551508316,Ranch Dip - Regular,10 pc Spicy Wings,10 pc Grilled Wings
6401485824,Ranch Dip - Regular,20pc Spicy Feast Deal,Regular Buffalo Fries
8377653183,8 pc Grilled Wings Combo,Regular Buffalo Fries,10 pc Grilled Wings
2593391980,Ranch Dip - Regular,20pc Spicy Feast Deal,8 pc Grilled Wings Combo
4662155831,Ranch Dip - Regular,6 pc Grilled Wings Combo,Regular Buffalo Fries
3504881894,Ranch Dip - Regular,20pc Spicy Feast Deal,Regular Buffalo Fries
7921565680,10 pc Grilled Wings Combo,2 pc Crispy Strips,Regular Buffalo Fries
5313220129,Ranch Dip - Regular,6 pc Grilled Wings Combo,2 pc Crispy Strips
4676091145,Ranch Dip - Regular,Regular Buffalo Fries,50 pc Grilled Wings
9283892057,Ranch Dip - Regular,6 pc Grilled Wings Combo,2 pc Crispy Strips
2518508022,20pc Spicy Feast Deal,Ranch Dip - Large,10 pc Grilled Wings
4747845722,Ranch Dip - Regular,Regular Buffalo Fries,20 Oz Soda
4714767517,Ranch Dip - Regular,10 pc Grilled Wings Combo,20pc Spicy Feast Deal
2702547901,Ranch Dip - Regular,Regular Buffalo Fries,20pc Spicy Feast Deal
2481358010,Regular Buffalo Fries,10 pc Grilled Wings Combo,10 pc Grilled Wings
9823882308,Ranch Dip - Regular,10 pc Spicy Wings,10 pc Grilled Wings
3219246819,Regular Buffalo Fries,10 pc Grilled Wings Combo,Ranch Dip - Large
5610733001,Ranch Dip - Regular,Regular Buffalo Fries,6 pc Grilled Wings Combo
6359009799,Regular Buffalo Fries,10 pc Grilled Wings Combo,10 pc Grilled Wings
5584934742,Ranch Dip - Regular,20pc Spicy Feast Deal,Regular Buffalo Fries
9958274172,10 pc Grilled Wings Combo,Regular Buffalo Fries,20pc Spicy Feast Deal
1700879090,10 pc Grilled Wings Combo,20pc Spicy Feast Deal,Regular Buffalo Fries
423325875,Regular Buffalo Fries,10 pc Grilled Wings Combo,20pc Spicy Feast Deal
2700256303,10 pc Grilled Wings,10 pc Spicy Wings,10 pc Grilled Wings Combo
7172483544,Ranch Dip - Regular,10 pc Grilled Wings Combo,10 pc Grilled Wings
2771731403,20pc Spicy Feast Deal,Ranch Dip - Regular,Regular Buffalo Fries
1884402430,Ranch Dip - Regular,Regular Buffalo Fries,Fried Corn - Regular
4464349661,Regular Buffalo Fries,10 pc Grilled Wings Combo,10 pc Grilled Wings
9020764788,Ranch Dip - Large,Regular Buffalo Fries,10 pc Grilled Wings Combo
897197018,Regular Buffalo Fries,10 pc Grilled Wings,Ranch Dip - Large
9195917308,Regular Buffalo Fries,20pc Spicy Feast Deal,10 pc Grilled Wings Combo
9753500807,Ranch Dip - Regular,Regular Buffalo Fries,10 pc Grilled Wings Combo
1074003675,Ranch Dip - Regular,Regular Buffalo Fries,10 pc Grilled Wings
2181355716,Regular Buffalo Fries,Ranch Dip - Large,10 pc Grilled Wings
8024017350,Ranch Dip - Regular,20pc Spicy Feast Deal,Large Buffalo Fries
575013192,Ranch Dip - Regular,Large Buffalo Fries,10 pc Grilled Wings
9480777569,Ranch Dip - Regular,6 pc Grilled Wings Combo,2 pc Crispy Strips
8490256110,10 pc Grilled Wings Combo,Regular Buffalo Fries,10 pc Grilled Wings
9316714148,10 pc Grilled Wings Combo,Regular Buffalo Fries,20pc Spicy Feast Deal
3735258950,Regular Buffalo Fries,10 pc Grilled Wings,Ranch Dip - Large
4118512959,20pc Spicy Feast Deal,Regular Buffalo Fries,10 pc Spicy Wings
153301022,Ranch Dip - Regular,6 pc Grilled Wings Combo,20pc Spicy Feast Deal
5439543092,10 pc Grilled Wings,10 pc Spicy Wings,Ranch Dip - Large
1234599757,Ranch Dip - Regular,20pc Spicy Feast Deal,Regular Buffalo Fries
1314782296,Ranch Dip - Regular,Large Buffalo Fries,10 pc Grilled Wings
7832345222,10 pc Grilled Wings,10 pc Spicy Wings,10 pc Grilled Wings Combo
1907035917,10 pc Grilled Wings Combo,Regular Buffalo Fries,10 pc Grilled Wings
5827168935,Ranch Dip - Regular,Regular Buffalo Fries,20pc Spicy Feast Deal
8538799610,Ranch Dip - Regular,10 pc Spicy Wings,20pc Spicy Feast Deal
6646915661,10 pc Spicy Wings,20pc Spicy Feast Deal,10 pc Grilled Wings
7341287854,2 pc Crispy Strips,8 pc Grilled Wings Combo,Regular Buffalo Fries
3302178791,10 pc Grilled Wings Combo,Regular Buffalo Fries,20pc Spicy Feast Deal
5895908225,Ranch Dip - Regular,Regular Buffalo Fries,10 pc Grilled Wings Combo
4249926639,Ranch Dip - Regular,Regular Buffalo Fries,50 pc Grilled Wings
1978069785,Ranch Dip - Regular,20pc Spicy Feast Deal,2 pc Crispy Strips
6829257066,10 pc Grilled Wings Combo,Regular Buffalo Fries,10 pc Grilled Wings
7249113306,Ranch Dip - Regular,2 pc Crispy Strips,Fried Corn - Regular
3671354189,Ranch Dip - Regular,15 pc Crispy Strips,8 pc Grilled Wings Combo
7439102795,Ranch Dip - Regular,10 pc Grilled Wings Combo,2 pc Crispy Strips
6371113700,Regular Buffalo Fries,20pc Spicy Feast Deal,10 pc Grilled Wings
5494382077,Ranch Dip - Regular,10 pc Grilled Wings Combo,30 pc Grilled Wings
7435447142,Ranch Dip - Regular,Large Buffalo Fries,10 pc Grilled Wings Combo
5479754720,Ranch Dip - Regular,20pc Spicy Feast Deal,Large Buffalo Fries
9908029367,Ranch Dip - Regular,Large Buffalo Fries,20pc Spicy Feast Deal
4101133960,Ranch Dip - Regular,Regular Buffalo Fries,2 pc Crispy Strips
3015925635,Regular Buffalo Fries,10 pc Grilled Wings,10 pc Grilled Wings Combo
2028788097,Ranch Dip - Regular,10 pc Spicy Wings,10 pc Grilled Wings
1264014639,Ranch Dip - Regular,10 pc Grilled Wings,10 pc Grilled Wings Combo
989527639,10 pc Grilled Wings Combo,Regular Buffalo Fries,10 pc Grilled Wings
5436082679,Regular Buffalo Fries,Ranch Dip - Large,10 pc Spicy Wings
4826562760,Ranch Dip - Regular,Regular Buffalo Fries,2 pc Crispy Strips
5840783167,Ranch Dip - Regular,10 pc Spicy Wings,10 pc Grilled Wings
6403268830,Ranch Dip - Regular,10 pc Spicy Wings,10 pc Grilled Wings
4204556378,Ranch Dip - Regular,Regular Buffalo Fries,15 pc Crispy Strips
8025974796,Ranch Dip - Regular,10 pc Spicy Wings,10 pc Grilled Wings
3218830263,Ranch Dip - Regular,Regular Buffalo Fries,20pc Spicy Feast Deal
1496609584,Ranch Dip - Regular,6 pc Grilled Wings Combo,2 pc Crispy Strips
6593788546,Ranch Dip - Regular,10 pc Grilled Wings Combo,Fried Corn - Regular
5190525485,Ranch Dip - Regular,2 pc Crispy Strips,Chicken Sub
1693088898,Regular Buffalo Fries,Ranch Dip - Large,10 pc Grilled Wings
4540881888,6 pc Grilled Wings Combo,Regular Buffalo Fries,10 pc Grilled Wings
3748848573,Ranch Dip - Regular,10 pc Grilled Wings Combo,Large Buffalo Fries
140533012,Regular Buffalo Fries,20pc Spicy Feast Deal,10 pc Spicy Wings
4328729830,Ranch Dip - Regular,Regular Buffalo Fries,20pc Spicy Feast Deal
1100029045,Ranch Dip - Regular,Regular Buffalo Fries,2 pc Crispy Strips
4240564164,Regular Buffalo Fries,10 pc Spicy Wings,Ranch Dip - Large
3292135969,8 pc Grilled Wings Combo,Regular Buffalo Fries,2 pc Crispy Strips
5273809414,Ranch Dip - Regular,20pc Spicy Feast Deal,Regular Buffalo Fries
4843892365,Ranch Dip - Regular,20pc Spicy Feast Deal,Large Buffalo Fries
4475708513,Ranch Dip - Regular,2 pc Crispy Strips,20pc Spicy Feast Deal
1891258868,Ranch Dip - Regular,20pc Spicy Feast Deal,Large Buffalo Fries
8567790320,Ranch Dip - Regular,Regular Buffalo Fries,10 pc Grilled Wings Combo
555033840,Ranch Dip - Regular,Regular Buffalo Fries,20pc Spicy Feast Deal
1757964799,10 pc Grilled Wings Combo,2 pc Crispy Strips,Regular Buffalo Fries
203585826,10 pc Spicy Wings,10 pc Grilled Wings,Ranch Dip - Large
4991901700,Ranch Dip - Regular,15 pc Crispy Strips,Add 5 Grilled Wings
788250617,Ranch Dip - Regular,8 pc Grilled Wings Combo,Fried Corn - Regular
1327263363,Ranch Dip - Regular,10 pc Grilled Wings Combo,20pc Spicy Feast Deal
2199438114,20pc Spicy Feast Deal,10 pc Spicy Wings,10 pc Grilled Wings
6137645469,Ranch Dip - Regular,Regular Buffalo Fries,15 pc Crispy Strips
8721610270,Regular Buffalo Fries,10 pc Grilled Wings,20pc Spicy Feast Deal
6792373984,Ranch Dip - Regular,Regular Buffalo Fries,20pc Spicy Feast Deal
1355068589,Ranch Dip - Regular,Regular Buffalo Fries,2 pc Crispy Strips
8787311196,20pc Spicy Feast Deal,Regular Buffalo Fries,10 pc Grilled Wings Combo
5831553557,10 pc Grilled Wings,10 pc Spicy Wings,20pc Spicy Feast Deal
1728785684,Ranch Dip - Regular,6 pc Grilled Wings Combo,2 pc Crispy Strips
7436158860,Ranch Dip - Regular,Add 5 Grilled Wings,2 pc Crispy Strips
9866060252,20pc Spicy Feast Deal,Regular Buffalo Fries,10 pc Grilled Wings Combo
1757937877,Ranch Dip - Regular,Regular Buffalo Fries,20pc Spicy Feast Deal
8953892581,Ranch Dip - Regular,20pc Spicy Feast Deal,Large Buffalo Fries
9160586430,Regular Buffalo Fries,10 pc Spicy Wings,10 pc Grilled Wings
1348916976,Ranch Dip - Regular,20pc Spicy Feast Deal,Large Buffalo Fries
4319071016,Regular Buffalo Fries,10 pc Spicy Wings,10 pc Grilled Wings Combo
2082860004,Ranch Dip - Regular,20 pc Mixed Wings,Legendary Feast Bundle
6088363846,Ranch Dip - Regular,Large Buffalo Fries,20pc Spicy Feast Deal
6601145696,Ranch Dip - Regular,Regular Buffalo Fries,20pc Spicy Feast Deal
9265211153,10 pc Grilled Wings Combo,Regular Buffalo Fries,20pc Spicy Feast Deal
8354850181,20pc Spicy Feast Deal,Ranch Dip - Regular,Regular Buffalo Fries
9709185284,Ranch Dip - Regular,Regular Buffalo Fries,2 pc Crispy Strips
8664036462,Ranch Dip - Regular,20pc Spicy Feast Deal,Regular Buffalo Fries
1787804796,Ranch Dip - Regular,6 pc Grilled Wings Combo,2 pc Crispy Strips
4169189588,Ranch Dip - Regular,10 pc Grilled Wings Combo,2 pc Crispy Strips
4240555546,Regular Buffalo Fries,2 pc Crispy Strips,10 pc Grilled Wings
6707615211,Ranch Dip - Regular,10 pc Grilled Wings Combo,10 pc Grilled Wings
6121591301,10 pc Spicy Wings,10 pc Grilled Wings,Ranch Dip - Large
9660893737,10 pc Grilled Wings Combo,2 pc Crispy Strips,Regular Buffalo Fries
3166725456,Regular Buffalo Fries,10 pc Grilled Wings,10 pc Grilled Wings Combo
2935738403,Ranch Dip - Regular,Fried Corn - Regular,15 pc Crispy Strips
7655305325,Ranch Dip - Regular,Regular Buffalo Fries,15 pc Mixed Wings
5498347398,Ranch Dip - Regular,Regular Buffalo Fries,10 pc Grilled Wings
7654433270,Ranch Dip - Regular,Regular Buffalo Fries,20pc Spicy Feast Deal
5618771525,6 pc Grilled Wings Combo,Regular Buffalo Fries,10 pc Grilled Wings
8544774642,Regular Buffalo Fries,20pc Spicy Feast Deal,10 pc Grilled Wings
3729893922,Ranch Dip - Regular,Regular Buffalo Fries,10 pc Grilled Wings
4326009809,Ranch Dip - Regular,10 pc Grilled Wings Combo,6 pc Strips Meal for 2
2574201124,Ranch Dip - Regular,10 pc Grilled Wings Combo,Fried Corn - Regular
5839346714,Ranch Dip - Regular,Large Buffalo Fries,10 pc Spicy Wings
9405233990,Regular Buffalo Fries,20pc Spicy Feast Deal,Ranch Dip - Large
5047246062,20pc Spicy Feast Deal,Regular Buffalo Fries,10 pc Grilled Wings
9741900531,Ranch Dip - Regular,Regular Buffalo Fries,Fried Corn - Regular
900698321,Ranch Dip - Regular,10 pc Spicy Wings,20 pc Grilled Wings
9602315572,Ranch Dip - Regular,Regular Buffalo Fries,10 pc Spicy Wings
1870956895,Ranch Dip - Regular,Large Buffalo Fries,20pc Spicy Feast Deal
4763481822,Ranch Dip - Regular,20pc Spicy Feast Deal,Large Buffalo Fries
7181101360,Ranch Dip - Regular,8 pc Grilled Wings Combo,Large Fruit Punch
3628400623,20pc Spicy Feast Deal,Regular Buffalo Fries,10 pc Grilled Wings
212931472,Ranch Dip - Regular,Regular Buffalo Fries,20pc Spicy Feast Deal
5607933866,10 pc Grilled Wings,10 pc Spicy Wings,10 pc Grilled Wings Combo
843353553,20pc Spicy Feast Deal,Ranch Dip - Regular,2 pc Crispy Strips
8812752288,Ranch Dip - Regular,10 pc Spicy Wings,10 pc Grilled Wings
5847863983,Ranch Dip - Regular,Regular Buffalo Fries,10 pc Grilled Wings Combo
8866492854,Ranch Dip - Regular,Regular Buffalo Fries,20pc Spicy Feast Deal
8742060403,Ranch Dip - Regular,Regular Buffalo Fries,20pc Spicy Feast Deal
3271887051,Regular Buffalo Fries,10 pc Grilled Wings Combo,10 pc Grilled Wings
8517312532,20pc Spicy Feast Deal,Ranch Dip - Regular,Regular Buffalo Fries
4166370839,Ranch Dip - Regular,20pc Spicy Feast Deal,20 pc Grilled Wings
7052765248,Ranch Dip - Regular,Regular Buffalo Fries,50 pc Grilled Wings
3044013178,Regular Buffalo Fries,Ranch Dip - Large,10 pc Grilled Wings
383051095,Regular Buffalo Fries,10 pc Grilled Wings,10 pc Grilled Wings Combo
9112164971,Ranch Dip - Regular,10 pc Grilled Wings Combo,20pc Spicy Feast Deal
5556328,Ranch Dip - Regular,10 pc Grilled Wings Combo,Regular Buffalo Fries
5791873420,Ranch Dip - Regular,10 pc Grilled Wings Combo,20pc Spicy Feast Deal
3656914730,Ranch Dip - Regular,8 pc Grilled Wings Combo,30 pc Mixed Wings
3518269386,Regular Buffalo Fries,20pc Spicy Feast Deal,10 pc Grilled Wings
5495230392,10 pc Grilled Wings,10 pc Spicy Wings,20pc Spicy Feast Deal
4238309587,20pc Spicy Feast Deal,10 pc Grilled Wings Combo,Regular Buffalo Fries
9503954287,Ranch Dip - Regular,Regular Buffalo Fries,20pc Spicy Feast Deal
7578131243,10 pc Spicy Wings,10 pc Grilled Wings,Ranch Dip - Large
5546805557,Ranch Dip - Regular,10 pc Grilled Wings,10 pc Spicy Wings
7303368212,Ranch Dip - Regular,6 pc Grilled Wings Combo,Fried Corn - Regular
1680125849,2 pc Crispy Strips,10 pc Grilled Wings Combo,Regular Buffalo Fries
3342117117,Ranch Dip - Regular,2 pc Crispy Strips,6 pc Grilled Wings Combo
1860011666,Ranch Dip - Regular,Flavor Platter,Fried Corn - Large
1958104576,Ranch Dip - Regular,20pc Spicy Feast Deal,Add 5 Grilled Wings
7343673588,Ranch Dip - Regular,2 pc Crispy Strips,10 pc Spicy Wings
8992642594,10 pc Spicy Wings,10 pc Grilled Wings,20pc Spicy Feast Deal
8804388400,Ranch Dip - Regular,Regular Buffalo Fries,10 pc Grilled Wings Combo
4737210194,Ranch Dip - Regular,Regular Buffalo Fries,Fried Corn - Regular
7925803227,Ranch Dip - Regular,2 pc Crispy Strips,Chicken Sub
7880238063,Ranch Dip - Regular,2 pc Crispy Strips,8 pc Grilled Wings Combo
1317989663,Regular Buffalo Fries,20pc Spicy Feast Deal,10 pc Spicy Wings
593449461,Ranch Dip - Regular,Regular Buffalo Fries,10 pc Grilled Wings
4518012030,Regular Buffalo Fries,10 pc Grilled Wings Combo,10 pc Spicy Wings
4911277420,10 pc Grilled Wings Combo,Regular Buffalo Fries,20pc Spicy Feast Deal
6778835137,Ranch Dip - Regular,Regular Buffalo Fries,10 pc Spicy Wings
3156933766,Regular Buffalo Fries,10 pc Grilled Wings,Ranch Dip - Large
2326194829,Regular Buffalo Fries,10 pc Grilled Wings Combo,10 pc Spicy Wings
8432644352,Ranch Dip - Regular,Regular Buffalo Fries,20pc Spicy Feast Deal
6170144901,Ranch Dip - Regular,10 pc Spicy Wings,20 pc Mixed Wings
9060347619,Regular Buffalo Fries,Ranch Dip - Large,10 pc Grilled Wings
8886736318,Ranch Dip - Regular,20pc Spicy Feast Deal,10 pc Grilled Wings Combo
8215461140,Ranch Dip - Regular,20pc Spicy Feast Deal,10 pc Grilled Wings Combo
6709854601,Ranch Dip - Regular,Regular Buffalo Fries,15 pc Crispy Strips
5156937997,Ranch Dip - Regular,8 pc Grilled Wings Combo,Fried Corn - Regular
5264953502,20pc Spicy Feast Deal,Ranch Dip - Regular,Regular Buffalo Fries
5756782936,10 pc Grilled Wings Combo,20pc Spicy Feast Deal,Regular Buffalo Fries
6465033415,6 pc Grilled Wings Combo,2 pc Crispy Strips,Regular Buffalo Fries
2088803697,Ranch Dip - Regular,10 pc Grilled Wings,10 pc Grilled Wings Combo
9921131144,20pc Spicy Feast Deal,Ranch Dip - Regular,10 pc Grilled Wings Combo
8543378696,Ranch Dip - Regular,Regular Buffalo Fries,10 pc Spicy Wings
4386690064,10 pc Spicy Wings,20pc Spicy Feast Deal,10 pc Grilled Wings Combo
8833118609,Ranch Dip - Regular,Large Buffalo Fries,20pc Spicy Feast Deal
728026822,10 pc Grilled Wings Combo,20pc Spicy Feast Deal,10 pc Grilled Wings
6964422874,Regular Buffalo Fries,8 pc Grilled Wings Combo,10 pc Grilled Wings
2619394683,Ranch Dip - Regular,Regular Buffalo Fries,Fried Corn - Regular
112434716,Ranch Dip - Regular,Regular Buffalo Fries,Fried Corn - Regular
4226127641,Ranch Dip - Regular,6 pc Grilled Wings Combo,2 pc Crispy Strips
391807446,Ranch Dip - Regular,20pc Spicy Feast Deal,10 pc Spicy Wings
9255777990,Ranch Dip - Regular,6 pc Grilled Wings Combo,2 pc Crispy Strips
4104732249,Ranch Dip - Regular,2 pc Crispy Strips,20pc Spicy Feast Deal
9652773670,Regular Buffalo Fries,10 pc Grilled Wings Combo,10 pc Spicy Wings
4840459795,Ranch Dip - Regular,Regular Buffalo Fries,10 pc Grilled Wings
4504947430,10 pc Spicy Wings,10 pc Grilled Wings,10 pc Grilled Wings Combo
7588686121,10 pc Grilled Wings Combo,Regular Buffalo Fries,2 pc Crispy Strips
4804648767,Ranch Dip - Regular,10 pc Grilled Wings Combo,2 pc Crispy Strips
9635883148,Regular Buffalo Fries,20pc Spicy Feast Deal,10 pc Grilled Wings Combo
345701565,Regular Buffalo Fries,10 pc Grilled Wings,Ranch Dip - Large
2735628080,Regular Buffalo Fries,20pc Spicy Feast Deal,10 pc Spicy Wings
933812866,Ranch Dip - Regular,10 pc Grilled Wings Combo,2 pc Crispy Strips
8226771121,10 pc Grilled Wings,10 pc Spicy Wings,2 pc Crispy Strips
6573347725,Ranch Dip - Regular,20pc Spicy Feast Deal,10 pc Grilled Wings Combo
1521389865,10 pc Spicy Wings,20pc Spicy Feast Deal,10 pc Grilled Wings Combo
6565660501,Ranch Dip - Regular,10 pc Spicy Wings,10 pc Grilled Wings
5849629760,10 pc Grilled Wings,10 pc Spicy Wings,2 pc Crispy Strips
3231333615,Ranch Dip - Regular,6 pc Grilled Wings Combo,20pc Spicy Feast Deal
210941796,Regular Buffalo Fries,10 pc Grilled Wings,Blue Cheese Dip - Regular
989955882,Ranch Dip - Regular,10 pc Spicy Wings,20pc Spicy Feast Deal
9784043091,Ranch Dip - Regular,20pc Spicy Feast Deal,20 pc Grilled Wings
330744085,Ranch Dip - Regular,10 pc Spicy Wings,Large Buffalo Fries
9852581132,Ranch Dip - Regular,6 pc Grilled Wings Combo,2 pc Crispy Strips
9099645099,Ranch Dip - Regular,20pc Spicy Feast Deal,10 pc Grilled Wings Combo
7066723240,Ranch Dip - Regular,2 pc Crispy Strips,Add 5 Spicy Wings
5594519086,Regular Buffalo Fries,Ranch Dip - Large,10 pc Spicy Wings
4585144849,Ranch Dip - Regular,20 pc Grilled Wings,10 pc Spicy Wings
1204068454,10 pc Grilled Wings Combo,Regular Buffalo Fries,10 pc Grilled Wings
6381949545,Ranch Dip - Regular,8 pc Grilled Wings Combo,2 pc Crispy Strips
5419425706,Ranch Dip - Regular,10 pc Grilled Wings,20pc Spicy Feast Deal
9459593044,Ranch Dip - Regular,20pc Spicy Feast Deal,Large Buffalo Fries
7778977823,Ranch Dip - Regular,20pc Spicy Feast Deal,2 pc Crispy Strips
9684498357,Ranch Dip - Regular,Regular Buffalo Fries,20pc Spicy Feast Deal
9811510074,Regular Buffalo Fries,10 pc Grilled Wings Combo,10 pc Spicy Wings
6082031819,Ranch Dip - Regular,Regular Buffalo Fries,15 pc Crispy Strips
8887895925,Ranch Dip - Regular,Large Buffalo Fries,100 pc Spicy Wings
6450373778,Regular Buffalo Fries,10 pc Grilled Wings Combo,10 pc Grilled Wings
6419006933,Regular Buffalo Fries,10 pc Grilled Wings,Ranch Dip - Large
2699835774,10 pc Grilled Wings,10 pc Spicy Wings,20pc Spicy Feast Deal
1369707677,10 pc Grilled Wings,10 pc Spicy Wings,20pc Spicy Feast Deal
1532663577,Ranch Dip - Regular,10 pc Spicy Wings,20 pc Grilled Wings
9069039966,10 pc Grilled Wings Combo,Regular Buffalo Fries,20pc Spicy Feast Deal
2242828550,10 pc Grilled Wings Combo,Regular Buffalo Fries,2 pc Crispy Strips
7987626765,20pc Spicy Feast Deal,Regular Buffalo Fries,2 pc Crispy Strips
4781334962,Ranch Dip - Regular,20pc Spicy Feast Deal,10 pc Spicy Wings
3315199250,Regular Buffalo Fries,10 pc Grilled Wings,10 pc Grilled Wings Combo
8148014460,Regular Buffalo Fries,10 pc Spicy Wings,Ranch Dip - Large
4713753427,Regular Buffalo Fries,10 pc Grilled Wings,10 pc Grilled Wings Combo
1975968642,Regular Buffalo Fries,Ranch Dip - Large,10 pc Grilled Wings
2552588928,20pc Spicy Feast Deal,Regular Buffalo Fries,10 pc Grilled Wings Combo
4603054513,20pc Spicy Feast Deal,Ranch Dip - Regular,Regular Buffalo Fries
938297015,Ranch Dip - Regular,Regular Buffalo Fries,20pc Spicy Feast Deal
4321092455,Regular Buffalo Fries,Ranch Dip - Large,Fried Corn - Regular
3962842818,Ranch Dip - Regular,Regular Buffalo Fries,20pc Spicy Feast Deal
867995303,10 pc Grilled Wings Combo,20pc Spicy Feast Deal,Regular Buffalo Fries
368402530,Ranch Dip - Regular,10 pc Grilled Wings,10 pc Spicy Wings
303427061,Regular Buffalo Fries,Ranch Dip - Regular,10 pc Grilled Wings
8081100487,10 pc Grilled Wings,10 pc Spicy Wings,Ranch Dip - Large
2548451770,10 pc Grilled Wings Combo,Regular Buffalo Fries,10 pc Grilled Wings
6349086403,20pc Spicy Feast Deal,Ranch Dip - Large,10 pc Grilled Wings
645444357,Ranch Dip - Regular,Regular Buffalo Fries,30 pc Grilled Wings
6396952241,Ranch Dip - Regular,Regular Buffalo Fries,15 pc Crispy Strips
9575117054,Ranch Dip - Regular,10 pc Grilled Wings Combo,2 pc Crispy Strips
9417949779,Ranch Dip - Regular,10 pc Spicy Wings,20pc Spicy Feast Deal
3969421881,Ranch Dip - Regular,10 pc Grilled Wings,20 pc Mixed Wings
5473578293,Regular Buffalo Fries,20pc Spicy Feast Deal,10 pc Spicy Wings
4270040680,Ranch Dip - Regular,8 pc Grilled Wings Combo,Fried Corn - Regular
1728267841,10 pc Grilled Wings,10 pc Spicy Wings,10 pc Grilled Wings Combo
7840836849,Ranch Dip - Regular,10 pc Grilled Wings Combo,20pc Spicy Feast Deal
6485585475,Ranch Dip - Regular,Large Buffalo Fries,10 pc Spicy Wings
2388027509,10 pc Grilled Wings,10 pc Spicy Wings,10 pc Grilled Wings Combo
6150693082,Ranch Dip - Regular,Regular Buffalo Fries,10 pc Grilled Wings Combo
7272353063,Ranch Dip - Regular,Regular Buffalo Fries,10 pc Grilled Wings
2830756398,Regular Buffalo Fries,Ranch Dip - Large,10 pc Grilled Wings
7058100246,20pc Spicy Feast Deal,Regular Buffalo Fries,Ranch Dip - Large
2947375396,Ranch Dip - Regular,8 pc Grilled Wings Combo,2 pc Crispy Strips
5717084269,Ranch Dip - Regular,10 pc Grilled Wings Combo,2 pc Crispy Strips
10304715,20pc Spicy Feast Deal,Ranch Dip - Regular,Large Buffalo Fries
9542471282,Ranch Dip - Regular,Large Buffalo Fries,10 pc Spicy Wings
5200412964,Ranch Dip - Regular,Regular Buffalo Fries,Fried Corn - Regular
6806712765,Ranch Dip - Regular,Regular Buffalo Fries,20pc Spicy Feast Deal
5621871691,Ranch Dip - Regular,10 pc Spicy Wings,10 pc Grilled Wings
4969171459,Ranch Dip - Regular,6 pc Grilled Wings Combo,Fried Corn - Regular
205348647,Ranch Dip - Regular,20pc Spicy Feast Deal,2 pc Crispy Strips
5949595841,10 pc Grilled Wings Combo,2 pc Crispy Strips,Regular Buffalo Fries
3134908072,Ranch Dip - Regular,Regular Buffalo Fries,15 pc Crispy Strips
2245282830,Ranch Dip - Regular,10 pc Grilled Wings Combo,Regular Buffalo Fries
8411432964,Ranch Dip - Regular,Regular Buffalo Fries,Veggie Sticks Spicy
2212713985,Regular Buffalo Fries,Ranch Dip - Large,10 pc Grilled Wings
1825900796,Ranch Dip - Regular,10 pc Grilled Wings Combo,Regular Buffalo Fries
7056147825,Ranch Dip - Large,Large Buffalo Fries,20pc Spicy Feast Deal
3865155854,Regular Buffalo Fries,10 pc Spicy Wings,10 pc Grilled Wings
2809974464,10 pc Grilled Wings,10 pc Spicy Wings,10 pc Grilled Wings Combo
6822048317,10 pc Grilled Wings,10 pc Grilled Wings Combo,20pc Spicy Feast Deal
7086279196,Ranch Dip - Regular,Regular Buffalo Fries,10 pc Grilled Wings
1080901131,Regular Buffalo Fries,10 pc Grilled Wings Combo,10 pc Grilled Wings
1268364080,10 pc Grilled Wings,10 pc Spicy Wings,10 pc Grilled Wings Combo
1080281570,Ranch Dip - Regular,10 pc Spicy Wings,10 pc Grilled Wings
2136740251,20pc Spicy Feast Deal,Regular Buffalo Fries,10 pc Grilled Wings Combo
6856514956,Regular Buffalo Fries,10 pc Grilled Wings Combo,10 pc Grilled Wings
2178455352,Ranch Dip - Regular,6 pc Spicy Wings Combo,2 pc Crispy Strips
2662017729,Ranch Dip - Regular,10 pc Grilled Wings Combo,Large Buffalo Fries
8746830457,Ranch Dip - Regular,10 pc Spicy Wings,20pc Spicy Feast Deal
5707522838,10 pc Grilled Wings,10 pc Spicy Wings,20pc Spicy Feast Deal
4840008190,Ranch Dip - Regular,Regular Buffalo Fries,20pc Spicy Feast Deal
7698022159,Regular Buffalo Fries,20pc Spicy Feast Deal,10 pc Grilled Wings
6036140536,Ranch Dip - Regular,10 pc Grilled Wings Combo,Regular Buffalo Fries
5379223168,Ranch Dip - Regular,20pc Spicy Feast Deal,Chicken Sub Combo
7084612458,Ranch Dip - Regular,20pc Spicy Feast Deal,10 pc Grilled Wings
5799185747,Regular Buffalo Fries,Ranch Dip - Large,10 pc Spicy Wings
1075535733,Ranch Dip - Regular,Regular Buffalo Fries,30 pc Mixed Wings
8615293667,Regular Buffalo Fries,10 pc Grilled Wings,10 pc Grilled Wings Combo
1545723882,Ranch Dip - Regular,Regular Buffalo Fries,10 pc Grilled Wings Combo
2249743423,Ranch Dip - Regular,20pc Spicy Feast Deal,Regular Buffalo Fries
8079647515,Ranch Dip - Regular,Regular Buffalo Fries,20pc Spicy Feast Deal
9894137829,Ranch Dip - Regular,Regular Buffalo Fries,50 pc Grilled Wings
975026770,2 pc Crispy Strips,8 pc Grilled Wings Combo,Regular Buffalo Fries
865567508,Ranch Dip - Regular,Regular Buffalo Fries,10 pc Grilled Wings Combo
9413963808,Regular Buffalo Fries,10 pc Grilled Wings,10 pc Grilled Wings Combo
4438125056,Ranch Dip - Regular,20pc Spicy Feast Deal,Add 5 Grilled Wings
7798663791,Ranch Dip - Regular,10 pc Spicy Wings,10 pc Grilled Wings
5523082689,Ranch Dip - Regular,10 pc Grilled Wings,10 pc Spicy Wings
4719128119,Ranch Dip - Regular,20pc Spicy Feast Deal,Large Buffalo Fries
3919270379,10 pc Grilled Wings Combo,2 pc Crispy Strips,Regular Buffalo Fries
6887117000,Ranch Dip - Regular,6 pc Grilled Wings Combo,Veggie Sticks Spicy
9168479007,8 pc Grilled Wings Combo,Regular Buffalo Fries,10 pc Grilled Wings
7702240576,Ranch Dip - Regular,20pc Spicy Feast Deal,Large Buffalo Fries
9174727995,Ranch Dip - Regular,10 pc Grilled Wings Combo,20pc Spicy Feast Deal
4210496609,Ranch Dip - Regular,Regular Buffalo Fries,20pc Spicy Feast Deal
2084757272,Ranch Dip - Regular,20pc Spicy Feast Deal,Regular Buffalo Fries
3054122522,Ranch Dip - Regular,10 pc Grilled Wings Combo,Fried Corn - Regular
3731883966,Ranch Dip - Regular,10 pc Spicy Wings,10 pc Grilled Wings
3532778112,Ranch Dip - Regular,20pc Spicy Feast Deal,10 pc Spicy Wings
7000527344,Ranch Dip - Regular,Regular Buffalo Fries,10 pc Spicy Wings
3031946103,Ranch Dip - Regular,20pc Spicy Feast Deal,10 pc Spicy Wings
2085578287,Ranch Dip - Regular,20pc Spicy Feast Deal,10 pc Spicy Wings
1454505686,Ranch Dip - Regular,8 pc Grilled Wings Combo,2 pc Crispy Strips
6882754725,Regular Buffalo Fries,Ranch Dip - Large,10 pc Grilled Wings
4183851135,Ranch Dip - Regular,Regular Buffalo Fries,30 pc Mixed Wings
8517270013,Ranch Dip - Regular,20pc Spicy Feast Deal,Regular Buffalo Fries
5684502284,10 pc Grilled Wings Combo,Regular Buffalo Fries,10 pc Grilled Wings
9517647699,Ranch Dip - Regular,Regular Buffalo Fries,10 pc Grilled Wings Combo
6147345626,Ranch Dip - Regular,Regular Buffalo Fries,Fried Corn - Regular
9876264347,Regular Buffalo Fries,10 pc Grilled Wings Combo,20pc Spicy Feast Deal
537222391,Ranch Dip - Regular,10 pc Grilled Wings Combo,Large Buffalo Fries
7770307932,Regular Buffalo Fries,10 pc Grilled Wings Combo,20pc Spicy Feast Deal
9093101396,Ranch Dip - Regular,10 pc Grilled Wings Combo,2 pc Crispy Strips
7011445251,Ranch Dip - Regular,Regular Buffalo Fries,20pc Spicy Feast Deal
1728450601,Ranch Dip - Regular,6 pc Grilled Wings Combo,Add 5 Grilled Wings
9994959258,Ranch Dip - Regular,20pc Spicy Feast Deal,10 pc Grilled Wings Combo
6163386764,Regular Buffalo Fries,10 pc Spicy Wings,20pc Spicy Feast Deal
5249892753,10 pc Grilled Wings,10 pc Spicy Wings,20pc Spicy Feast Deal
9022431604,20pc Spicy Feast Deal,Ranch Dip - Regular,Regular Buffalo Fries
5932543844,Ranch Dip - Regular,10 pc Grilled Wings Combo,10 pc Grilled Wings
259381296,10 pc Grilled Wings,10 pc Spicy Wings,10 pc Grilled Wings Combo
1503107562,Ranch Dip - Regular,20pc Spicy Feast Deal,Fried Corn - Large
7139989048,Ranch Dip - Regular,Regular Buffalo Fries,2 pc Crispy Strips
8760482431,10 pc Spicy Wings,Regular Buffalo Fries,10 pc Grilled Wings
611788846,Ranch Dip - Regular,Regular Buffalo Fries,2 pc Crispy Strips
6560374981,Regular Buffalo Fries,10 pc Spicy Wings,Ranch Dip - Large
1949558091,Regular Buffalo Fries,Ranch Dip - Regular,2 pc Crispy Strips
2831402892,Ranch Dip - Regular,Regular Buffalo Fries,10 pc Grilled Wings Combo
47708277,Regular Buffalo Fries,10 pc Grilled Wings,10 pc Grilled Wings Combo
5689640368,Ranch Dip - Regular,10 pc Grilled Wings Combo,20pc Spicy Feast Deal
8578506629,Ranch Dip - Regular,10 pc Spicy Wings,10 pc Grilled Wings
9180642088,Ranch Dip - Regular,Regular Buffalo Fries,Fried Corn - Regular
669155084,Regular Buffalo Fries,10 pc Grilled Wings Combo,20pc Spicy Feast Deal
7624805553,Ranch Dip - Regular,Regular Buffalo Fries,20pc Spicy Feast Deal
4698972736,Ranch Dip - Regular,20pc Spicy Feast Deal,Regular Buffalo Fries
372297477,Regular Buffalo Fries,Ranch Dip - Large,10 pc Grilled Wings Combo
9425921603,Ranch Dip - Regular,20 pc Mixed Wings,Legendary Feast Bundle
6803182129,Ranch Dip - Regular,2 pc Crispy Strips,Chicken Sub Combo
8958634456,Ranch Dip - Regular,Regular Buffalo Fries,10 pc Spicy Wings
2613680475,Ranch Dip - Regular,Celery Sticks,10 pc Grilled Wings Combo
4203606663,20pc Spicy Feast Deal,Regular Buffalo Fries,10 pc Grilled Wings Combo
7671508869,Ranch Dip - Regular,8 pc Grilled Wings Combo,2 pc Crispy Strips
4324279990,Ranch Dip - Regular,10 pc Spicy Wings,Large Buffalo Fries
2093937731,Ranch Dip - Regular,10 pc Grilled Wings,10 pc Grilled Wings Combo
9555328985,Regular Buffalo Fries,10 pc Grilled Wings Combo,10 pc Grilled Wings
7370820866,Ranch Dip - Regular,Regular Buffalo Fries,20pc Spicy Feast Deal
4205875203,Ranch Dip - Regular,20pc Spicy Feast Deal,20 pc Grilled Wings
5419114091,Ranch Dip - Regular,20pc Spicy Feast Deal,Large Buffalo Fries
7180339239,Regular Buffalo Fries,10 pc Spicy Wings,10 pc Grilled Wings Combo
2700390696,20pc Spicy Feast Deal,Regular Buffalo Fries,10 pc Spicy Wings
8954123244,Regular Buffalo Fries,10 pc Grilled Wings,10 pc Grilled Wings Combo
7806033525,6 pc Grilled Wings Combo,Regular Buffalo Fries,10 pc Grilled Wings
5332500654,Ranch Dip - Regular,20pc Spicy Feast Deal,20 pc Grilled Wings
1050383316,10 pc Spicy Wings,20pc Spicy Feast Deal,10 pc Grilled Wings Combo
535287654,Ranch Dip - Regular,Large Buffalo Fries,20pc Spicy Feast Deal
9656080838,Ranch Dip - Regular,20pc Spicy Feast Deal,Regular Buffalo Fries
82294768,Regular Buffalo Fries,10 pc Grilled Wings,Ranch Dip - Large
2881013776,10 pc Grilled Wings Combo,Regular Buffalo Fries,10 pc Grilled Wings
5652209528,20pc Spicy Feast Deal,Ranch Dip - Regular,Large Buffalo Fries
4701348911,Ranch Dip - Regular,Regular Buffalo Fries,20pc Spicy Feast Deal
4419583236,Ranch Dip - Large,20pc Spicy Feast Deal,Large Buffalo Fries
1185621145,10 pc Grilled Wings Combo,Regular Buffalo Fries,10 pc Grilled Wings
4252386472,10 pc Grilled Wings,10 pc Spicy Wings,10 pc Grilled Wings Combo
4779394745,Ranch Dip - Regular,10 pc Grilled Wings Combo,2 pc Crispy Strips
8950233928,Ranch Dip - Regular,20pc Spicy Feast Deal,Regular Buffalo Fries
6190027165,Ranch Dip - Regular,Regular Buffalo Fries,Fried Corn - Regular
1159134518,Ranch Dip - Regular,Regular Buffalo Fries,20pc Spicy Feast Deal
2724009354,Ranch Dip - Regular,20pc Spicy Feast Deal,10 pc Spicy Wings
1654456049,8 pc Grilled Wings Combo,2 pc Crispy Strips,Regular Buffalo Fries
5393176549,10 pc Grilled Wings Combo,Regular Buffalo Fries,10 pc Grilled Wings
8217249975,Ranch Dip - Regular,10 pc Grilled Wings Combo,10 pc Grilled Wings
259464238,8 pc Grilled Wings Combo,2 pc Crispy Strips,Regular Buffalo Fries
2320507812,Ranch Dip - Regular,10 pc Grilled Wings Combo,20pc Spicy Feast Deal
8419656995,Ranch Dip - Regular,Regular Buffalo Fries,30 pc Grilled Wings
5052218810,Ranch Dip - Regular,20pc Spicy Feast Deal,10 pc Spicy Wings
3618787551,Regular Buffalo Fries,10 pc Grilled Wings Combo,20pc Spicy Feast Deal
2364812863,10 pc Spicy Wings,20pc Spicy Feast Deal,10 pc Grilled Wings
9071741090,10 pc Grilled Wings Combo,Regular Buffalo Fries,2 pc Crispy Strips
7149467494,10 pc Grilled Wings,10 pc Spicy Wings,10 pc Grilled Wings Combo
1701147152,Ranch Dip - Regular,10 pc Grilled Wings,Large Buffalo Fries
1823126471,Ranch Dip - Regular,Regular Buffalo Fries,15 pc Crispy Strips
5084980857,10 pc Spicy Wings,20pc Spicy Feast Deal,10 pc Grilled Wings Combo
1643867472,Ranch Dip - Large,10 pc Grilled Wings Combo,10 pc Grilled Wings
4156759277,10 pc Grilled Wings,10 pc Spicy Wings,20pc Spicy Feast Deal
7441080168,Ranch Dip - Regular,10 pc Grilled Wings Combo,20pc Spicy Feast Deal
4187154551,Regular Buffalo Fries,10 pc Grilled Wings,Ranch Dip - Large
2973744073,Regular Buffalo Fries,10 pc Grilled Wings Combo,10 pc Grilled Wings
7273483976,Ranch Dip - Regular,10 pc Grilled Wings Combo,20pc Spicy Feast Deal
5364917317,Regular Buffalo Fries,10 pc Spicy Wings,2 pc Crispy Strips
8043173859,Regular Buffalo Fries,10 pc Grilled Wings Combo,10 pc Grilled Wings
4737640060,Ranch Dip - Regular,2 pc Crispy Strips,10 pc Grilled Wings Combo
8858825974,Ranch Dip - Regular,Regular Buffalo Fries,30 pc Grilled Wings
4994545499,10 pc Grilled Wings Combo,Regular Buffalo Fries,10 pc Grilled Wings
7689683783,10 pc Grilled Wings Combo,2 pc Crispy Strips,Regular Buffalo Fries
3411198475,Ranch Dip - Regular,Regular Buffalo Fries,15 pc Crispy Strips
70604594,Regular Buffalo Fries,Blue Cheese Dip - Regular,10 pc Spicy Wings
1507034645,Ranch Dip - Regular,2 pc Crispy Strips,Fried Corn - Regular
7888834332,Ranch Dip - Regular,10 pc Grilled Wings Combo,2 pc Crispy Strips
8380919764,Ranch Dip - Regular,Large Buffalo Fries,10 pc Spicy Wings
6822445460,Ranch Dip - Regular,Regular Buffalo Fries,Fried Corn - Regular
3732411939,Ranch Dip - Regular,20pc Spicy Feast Deal,Regular Buffalo Fries
1923488668,10 pc Grilled Wings,10 pc Spicy Wings,20pc Spicy Feast Deal
618291691,Regular Buffalo Fries,10 pc Grilled Wings Combo,10 pc Spicy Wings
1092694676,Ranch Dip - Regular,10 pc Spicy Wings,10 pc Grilled Wings
9364692067,Ranch Dip - Regular,6 pc Grilled Wings Combo,10 pc Spicy Wings
5161768194,Ranch Dip - Large,10 pc Grilled Wings Combo,20pc Spicy Feast Deal
5908298048,Regular Buffalo Fries,10 pc Spicy Wings,10 pc Grilled Wings Combo
3370585795,10 pc Grilled Wings Combo,Regular Buffalo Fries,10 pc Grilled Wings
946319589,Ranch Dip - Regular,10 pc Grilled Wings Combo,Veggie Sticks Spicy
7411304720,Ranch Dip - Regular,20pc Spicy Feast Deal,2 pc Crispy Strips
4677390738,Ranch Dip - Regular,20pc Spicy Feast Deal,10 pc Spicy Wings
273860650,Ranch Dip - Regular,10 pc Grilled Wings Combo,10 pc Grilled Wings
7403751667,Ranch Dip - Regular,10 pc Spicy Wings,10 pc Grilled Wings
7319050711,Ranch Dip - Regular,20pc Spicy Feast Deal,Regular Buffalo Fries
5641766138,Regular Buffalo Fries,10 pc Grilled Wings,Ranch Dip - Large
9903102409,Ranch Dip - Regular,Fried Corn - Regular,15 pc Crispy Strips
3142443485,Ranch Dip - Regular,Regular Buffalo Fries,15 pc Crispy Strips
1880225523,Ranch Dip - Regular,20pc Spicy Feast Deal,Fried Corn - Regular
979822142,8 pc Grilled Wings Combo,2 pc Crispy Strips,Regular Buffalo Fries
3878451767,Ranch Dip - Regular,Regular Buffalo Fries,50 pc Grilled Wings
2086190050,20pc Spicy Feast Deal,10 pc Grilled Wings Combo,Regular Buffalo Fries
6715395470,Regular Buffalo Fries,10 pc Grilled Wings,20pc Spicy Feast Deal
1738379908,Ranch Dip - Regular,Regular Buffalo Fries,10 pc Spicy Wings
9574182828,Ranch Dip - Regular,10 pc Grilled Wings Combo,2 pc Crispy Strips
33185833,Regular Buffalo Fries,10 pc Grilled Wings Combo,Ranch Dip - Large
3866738814,Ranch Dip - Regular,Regular Buffalo Fries,20pc Spicy Feast Deal
695591194,Ranch Dip - Regular,20pc Spicy Feast Deal,10 pc Spicy Wings
6234780227,Regular Buffalo Fries,10 pc Grilled Wings Combo,20pc Spicy Feast Deal
5996504564,10 pc Grilled Wings Combo,Regular Buffalo Fries,10 pc Grilled Wings
5810339034,Ranch Dip - Regular,Fried Corn - Regular,6 pc Grilled Wings Combo
810226928,Ranch Dip - Regular,Large Buffalo Fries,Fried Corn - Large
1485257010,Ranch Dip - Regular,Regular Buffalo Fries,30 pc Grilled Wings
2819565840,Ranch Dip - Regular,2 pc Crispy Strips,6 pc Grilled Wings Combo
4005714505,Regular Buffalo Fries,10 pc Grilled Wings,10 pc Grilled Wings Combo
1718852890,Ranch Dip - Regular,Large Buffalo Fries,10 pc Grilled Wings Combo
7817604370,20pc Spicy Feast Deal,Regular Buffalo Fries,10 pc Grilled Wings Combo
2211951178,Ranch Dip - Regular,Regular Buffalo Fries,50 pc Grilled Wings
7911258481,20pc Spicy Feast Deal,Regular Buffalo Fries,10 pc Grilled Wings Combo
3897323240,Ranch Dip - Regular,20pc Spicy Feast Deal,10 pc Spicy Wings
5888699408,Ranch Dip - Regular,Large Buffalo Fries,2 pc Crispy Strips
843734867,Ranch Dip - Regular,Regular Buffalo Fries,20pc Spicy Feast Deal
8678648026,Ranch Dip - Regular,Regular Buffalo Fries,50 pc Grilled Wings
2291679795,Ranch Dip - Regular,Large Buffalo Fries,20pc Spicy Feast Deal
845704570,Ranch Dip - Regular,10 pc Grilled Wings Combo,Regular Buffalo Fries
4457792472,Ranch Dip - Regular,8 pc Mixed Wings Combo,2 pc Crispy Strips
9598598332,Ranch Dip - Regular,20pc Spicy Feast Deal,10 pc Grilled Wings Combo
5403972916,Regular Buffalo Fries,10 pc Grilled Wings,20pc Spicy Feast Deal
5210859975,Ranch Dip - Regular,20pc Spicy Feast Deal,Regular Buffalo Fries
3493872275,Regular Buffalo Fries,10 pc Grilled Wings,Blue Cheese Dip - Regular
3687052263,Ranch Dip - Regular,20pc Spicy Feast Deal,Regular Buffalo Fries
3703047186,Ranch Dip - Regular,20pc Spicy Feast Deal,Large Buffalo Fries
7451586334,Ranch Dip - Regular,6 pc Grilled Wings Combo,20pc Spicy Feast Deal
5635930911,Ranch Dip - Regular,10 pc Spicy Wings,10 pc Grilled Wings
149194430,Ranch Dip - Regular,2 pc Crispy Strips,6 pc Spicy Wings Combo
189700058,Ranch Dip - Regular,10 pc Spicy Wings,20pc Spicy Feast Deal
9902416399,Ranch Dip - Regular,10 pc Grilled Wings Combo,20pc Spicy Feast Deal
7123011493,Ranch Dip - Regular,20pc Spicy Feast Deal,Regular Buffalo Fries
8579149558,Regular Buffalo Fries,10 pc Grilled Wings Combo,10 pc Grilled Wings
9182909034,Ranch Dip - Regular,20pc Spicy Feast Deal,Regular Buffalo Fries
9904341555,Ranch Dip - Regular,20pc Spicy Feast Deal,10 pc Grilled Wings Combo
161016703,10 pc Grilled Wings Combo,Regular Buffalo Fries,10 pc Grilled Wings
6246409026,20pc Spicy Feast Deal,Regular Buffalo Fries,10 pc Spicy Wings
4249966598,Ranch Dip - Regular,8 pc Grilled Wings Combo,20pc Spicy Feast Deal
5761345857,Regular Buffalo Fries,10 pc Spicy Wings,10 pc Grilled Wings Combo
2677403846,Regular Buffalo Fries,10 pc Grilled Wings Combo,10 pc Spicy Wings
2929188397,Ranch Dip - Regular,Regular Buffalo Fries,20pc Spicy Feast Deal
4073275741,20pc Spicy Feast Deal,Ranch Dip - Regular,Large Buffalo Fries
64684542,Ranch Dip - Regular,Regular Buffalo Fries,20pc Spicy Feast Deal
9873278175,Ranch Dip - Regular,Regular Buffalo Fries,10 pc Grilled Wings
1091012853,Ranch Dip - Regular,10 pc Spicy Wings,15 pc Grilled Wings
3678864067,10 pc Grilled Wings,10 pc Spicy Wings,10 pc Grilled Wings Combo
4014744899,Ranch Dip - Regular,10 pc Spicy Wings,10 pc Grilled Wings
195530503,Regular Buffalo Fries,10 pc Grilled Wings Combo,20pc Spicy Feast Deal
1380255862,20pc Spicy Feast Deal,Regular Buffalo Fries,10 pc Grilled Wings
3330312221,Regular Buffalo Fries,Ranch Dip - Regular,Fried Corn - Large
7825505059,Ranch Dip - Regular,2 pc Crispy Strips,10 pc Grilled Wings Combo
89246613,20pc Spicy Feast Deal,Regular Buffalo Fries,10 pc Grilled Wings
5988110499,Ranch Dip - Regular,Regular Buffalo Fries,20pc Spicy Feast Deal
3425989631,Ranch Dip - Regular,Regular Buffalo Fries,10 pc Spicy Wings
9129739719,Ranch Dip - Regular,10 pc Spicy Wings,20pc Spicy Feast Deal
3153984013,10 pc Spicy Wings,20pc Spicy Feast Deal,10 pc Grilled Wings Combo
7552433392,Ranch Dip - Regular,10 pc Grilled Wings Combo,Regular Buffalo Fries
7877461865,Ranch Dip - Regular,10 pc Grilled Wings Combo,2 pc Crispy Strips
3134091315,Ranch Dip - Regular,Regular Buffalo Fries,20 pc Grilled Wings
5433442772,Ranch Dip - Regular,15 pc Crispy Strips,Fried Corn - Large
6943924195,Ranch Dip - Regular,2 pc Crispy Strips,6 pc Grilled Wings Combo
3566623091,Ranch Dip - Regular,10 pc Grilled Wings Combo,Regular Buffalo Fries
779002209,20pc Spicy Feast Deal,Ranch Dip - Large,10 pc Grilled Wings
6600463412,Regular Buffalo Fries,10 pc Grilled Wings Combo,20pc Spicy Feast Deal
9294151036,Ranch Dip - Regular,Regular Buffalo Fries,Fried Corn - Regular
3598193603,Ranch Dip - Regular,20pc Spicy Feast Deal,Large Buffalo Fries
4184105911,10 pc Grilled Wings Combo,Regular Buffalo Fries,2 pc Crispy Strips
5865107623,10 pc Grilled Wings,10 pc Grilled Wings Combo,20pc Spicy Feast Deal
2564428242,Ranch Dip - Regular,6 pc Grilled Wings Combo,2 pc Crispy Strips
8720474381,Ranch Dip - Large,10 pc Spicy Wings,10 pc Grilled Wings
402049448,2 pc Crispy Strips,10 pc Grilled Wings Combo,Regular Buffalo Fries
2580653930,Ranch Dip - Regular,Regular Buffalo Fries,10 pc Grilled Wings Combo
1662201650,10 pc Grilled Wings Combo,Regular Buffalo Fries,10 pc Grilled Wings
3122160570,Ranch Dip - Regular,10 pc Grilled Wings,20pc Spicy Feast Deal
4892284959,20pc Spicy Feast Deal,Regular Buffalo Fries,10 pc Grilled Wings
9765325485,Ranch Dip - Regular,10 pc Grilled Wings Combo,2 pc Crispy Strips
8286138593,Ranch Dip - Regular,Large Buffalo Fries,10 pc Spicy Wings
5908404250,Ranch Dip - Regular,10 pc Grilled Wings Combo,10 pc Spicy Wings
9980257104,Regular Buffalo Fries,10 pc Grilled Wings,Ranch Dip - Large
8104541214,Ranch Dip - Regular,20pc Spicy Feast Deal,Regular Buffalo Fries
7804082815,Ranch Dip - Regular,20pc Spicy Feast Deal,20 pc Spicy Wings
6088506731,8 pc Grilled Wings Combo,Regular Buffalo Fries,10 pc Grilled Wings
6960438243,Ranch Dip - Regular,20pc Spicy Feast Deal,2 pc Crispy Strips
4986192894,Ranch Dip - Regular,Large Buffalo Fries,Flavor Platter
3912785177,Ranch Dip - Regular,20pc Spicy Feast Deal,Regular Buffalo Fries
4723415444,20pc Spicy Feast Deal,Ranch Dip - Regular,Regular Buffalo Fries
9944971039,Ranch Dip - Regular,10 pc Grilled Wings Combo,Regular Buffalo Fries
3937681639,Ranch Dip - Regular,20pc Spicy Feast Deal,Regular Buffalo Fries
2592912829,10 pc Grilled Wings,10 pc Grilled Wings Combo,20pc Spicy Feast Deal
9561668311,Regular Buffalo Fries,10 pc Grilled Wings Combo,10 pc Spicy Wings
5080199919,Ranch Dip - Regular,20pc Spicy Feast Deal,30 pc Family Grilled Wings
7723429852,Ranch Dip - Regular,10 pc Grilled Wings,Regular Buffalo Fries
4446614197,Ranch Dip - Regular,Regular Buffalo Fries,10 pc Spicy Wings
9468148005,20pc Spicy Feast Deal,10 pc Spicy Wings,10 pc Grilled Wings
4694297946,Regular Buffalo Fries,Ranch Dip - Large,20pc Spicy Feast Deal
3808930561,Ranch Dip - Regular,Regular Buffalo Fries,20pc Spicy Feast Deal
6982374850,Regular Buffalo Fries,10 pc Spicy Wings,Blue Cheese Dip - Regular
8468810171,Ranch Dip - Regular,10 pc Spicy Wings,20pc Spicy Feast Deal
8601280066,Regular Buffalo Fries,10 pc Grilled Wings,Ranch Dip - Large
1050374471,Ranch Dip - Regular,Regular Buffalo Fries,20pc Spicy Feast Deal
9941791640,Ranch Dip - Regular,Regular Buffalo Fries,15 pc Crispy Strips
7345676210,Regular Buffalo Fries,10 pc Grilled Wings Combo,10 pc Grilled Wings
7828339133,Ranch Dip - Regular,20pc Spicy Feast Deal,Large Buffalo Fries
8384181700,Ranch Dip - Regular,2 pc Crispy Strips,Large Buffalo Fries
5514030001,20pc Spicy Feast Deal,Ranch Dip - Regular,Large Buffalo Fries
4332647365,20pc Spicy Feast Deal,Ranch Dip - Regular,Regular Buffalo Fries
8869495661,Ranch Dip - Regular,20pc Spicy Feast Deal,20 pc Grilled Wings
9943402234,10 pc Grilled Wings Combo,Regular Buffalo Fries,20pc Spicy Feast Deal
9578744084,Ranch Dip - Regular,Regular Buffalo Fries,10 pc Grilled Wings Combo
4013390863,20pc Spicy Feast Deal,10 pc Spicy Wings,10 pc Grilled Wings
5528614490,Ranch Dip - Regular,20pc Spicy Feast Deal,Regular Buffalo Fries
2615222419,Ranch Dip - Regular,Regular Buffalo Fries,20pc Spicy Feast Deal
6763597486,Regular Buffalo Fries,Ranch Dip - Large,10 pc Spicy Wings
148192143,10 pc Grilled Wings Combo,Regular Buffalo Fries,10 pc Grilled Wings
7724635245,10 pc Grilled Wings,10 pc Spicy Wings,10 pc Grilled Wings Combo
9243918922,Ranch Dip - Regular,10 pc Grilled Wings Combo,2 pc Crispy Strips
7399106759,Ranch Dip - Regular,Regular Buffalo Fries,10 pc Grilled Wings Combo
8185688693,Ranch Dip - Regular,10 pc Spicy Wings,20 pc Mixed Wings
9075861896,Ranch Dip - Regular,Large Buffalo Fries,20pc Spicy Feast Deal
5067184636,Ranch Dip - Regular,Regular Buffalo Fries,Celery Sticks
3284587094,10 pc Grilled Wings,10 pc Spicy Wings,20pc Spicy Feast Deal
1326802209,Ranch Dip - Regular,10 pc Spicy Wings,20 pc Mixed Wings
3883173125,10 pc Grilled Wings,10 pc Grilled Wings Combo,20pc Spicy Feast Deal
5360506183,Ranch Dip - Regular,8 pc Grilled Wings Combo,2 pc Crispy Strips
6626762887,Ranch Dip - Regular,20pc Spicy Feast Deal,Regular Buffalo Fries
9205073417,Ranch Dip - Regular,10 pc Grilled Wings,10 pc Spicy Wings
2563015607,10 pc Spicy Wings,20pc Spicy Feast Deal,10 pc Grilled Wings
3199758831,Ranch Dip - Regular,Regular Buffalo Fries,20pc Spicy Feast Deal
887209725,Ranch Dip - Regular,20pc Spicy Feast Deal,8 pc Grilled Wings Combo
5109343398,Ranch Dip - Regular,Regular Buffalo Fries,10 pc Spicy Wings
7641307244,Ranch Dip - Regular,6 pc Grilled Wings Combo,Veggie Sticks Spicy
6005522854,Ranch Dip - Regular,Regular Buffalo Fries,15 pc Crispy Strips
5182903773,6 pc Grilled Wings Combo,2 pc Crispy Strips,Regular Buffalo Fries
1850333276,Ranch Dip - Regular,8 pc Grilled Wings Combo,2 pc Crispy Strips
467100205,Ranch Dip - Regular,Regular Buffalo Fries,Fried Corn - Regular
88764602,Ranch Dip - Regular,20pc Spicy Feast Deal,20 pc Grilled Wings
1614891405,Ranch Dip - Regular,10 pc Grilled Wings,Regular Buffalo Fries
3239632003,Ranch Dip - Regular,6 pc Grilled Wings Combo,2 pc Crispy Strips
7484730548,10 pc Grilled Wings Combo,Regular Buffalo Fries,10 pc Grilled Wings
7463668969,Ranch Dip - Regular,20pc Spicy Feast Deal,2 pc Crispy Strips
8426959494,10 pc Grilled Wings,10 pc Spicy Wings,2 pc Crispy Strips
8328269437,Ranch Dip - Regular,20pc Spicy Feast Deal,10 pc Grilled Wings Combo
1201693840,Ranch Dip - Regular,Regular Buffalo Fries,20pc Spicy Feast Deal
2453493843,Regular Buffalo Fries,10 pc Grilled Wings,2 pc Crispy Strips
3414753082,10 pc Grilled Wings Combo,20pc Spicy Feast Deal,Regular Buffalo Fries
2333712730,20pc Spicy Feast Deal,Regular Buffalo Fries,10 pc Grilled Wings Combo
3149103965,Ranch Dip - Regular,20pc Spicy Feast Deal,2 pc Crispy Strips
3336849433,Ranch Dip - Regular,6 pc Grilled Wings Combo,2 pc Crispy Strips
7653407549,Regular Buffalo Fries,10 pc Grilled Wings Combo,10 pc Spicy Wings
9721237453,Ranch Dip - Regular,20pc Spicy Feast Deal,10 pc Spicy Wings
2549934521,10 pc Grilled Wings,10 pc Spicy Wings,2 pc Crispy Strips
6962136703,Regular Buffalo Fries,10 pc Grilled Wings,10 pc Grilled Wings Combo
2880422375,Ranch Dip - Regular,8 pc Grilled Wings Combo,2 pc Crispy Strips
2019851123,10 pc Spicy Wings,20pc Spicy Feast Deal,10 pc Grilled Wings Combo
7494287673,Regular Buffalo Fries,20pc Spicy Feast Deal,10 pc Spicy Wings
8239130646,Ranch Dip - Regular,20pc Spicy Feast Deal,Fried Corn - Large
7912691382,20pc Spicy Feast Deal,Regular Buffalo Fries,Ranch Dip - Regular
3861309319,Ranch Dip - Regular,Regular Buffalo Fries,Celery Sticks
5126254748,Ranch Dip - Regular,Add 5 Grilled Wings,Regular Buffalo Fries
7126607717,Ranch Dip - Regular,Regular Buffalo Fries,20pc Spicy Feast Deal
5383026715,20pc Spicy Feast Deal,10 pc Spicy Wings,Regular Buffalo Fries
289936185,10 pc Grilled Wings,10 pc Spicy Wings,20pc Spicy Feast Deal
9526730164,Ranch Dip - Regular,20pc Spicy Feast Deal,Regular Buffalo Fries
6253220378,10 pc Grilled Wings Combo,Regular Buffalo Fries,10 pc Grilled Wings
9032607052,Ranch Dip - Regular,Regular Buffalo Fries,2 pc Crispy Strips
3035057133,Ranch Dip - Regular,10 pc Grilled Wings Combo,10 pc Grilled Wings
9543331429,Ranch Dip - Regular,Regular Buffalo Fries,Fried Corn - Regular
2218756681,10 pc Grilled Wings Combo,2 pc Crispy Strips,Regular Buffalo Fries
2228460270,Ranch Dip - Large,10 pc Grilled Wings,Regular Buffalo Fries
9543859037,10 pc Spicy Wings,10 pc Grilled Wings,Ranch Dip - Large
3878460943,Ranch Dip - Regular,20pc Spicy Feast Deal,Regular Buffalo Fries
4855291706,Regular Buffalo Fries,10 pc Grilled Wings Combo,10 pc Grilled Wings
3267204473,10 pc Grilled Wings Combo,Regular Buffalo Fries,10 pc Grilled Wings
27104138,Regular Buffalo Fries,Ranch Dip - Large,10 pc Grilled Wings
7813027761,Ranch Dip - Regular,Large Buffalo Fries,10 pc Spicy Wings
18776580,Ranch Dip - Regular,8 pc Grilled Wings Combo,2 pc Crispy Strips
6133050031,Regular Buffalo Fries,Ranch Dip - Regular,10 pc Grilled Wings
1335627845,Ranch Dip - Regular,20pc Spicy Feast Deal,Regular Buffalo Fries
886184725,Ranch Dip - Regular,Regular Buffalo Fries,15 pc Crispy Strips
4079870250,Ranch Dip - Regular,10 pc Grilled Wings Combo,2 pc Crispy Strips
7495555121,Ranch Dip - Regular,20pc Spicy Feast Deal,10 pc Spicy Wings
1981957958,20pc Spicy Feast Deal,10 pc Grilled Wings Combo,Regular Buffalo Fries
3532465953,Ranch Dip - Regular,6 pc Grilled Wings Combo,2 pc Crispy Strips
4003495044,Regular Buffalo Fries,Blue Cheese Dip - Regular,10 pc Grilled Wings Combo
200367828,Ranch Dip - Regular,20pc Spicy Feast Deal,Regular Buffalo Fries
7974551519,Ranch Dip - Regular,Regular Buffalo Fries,20pc Spicy Feast Deal
1583855891,10 pc Grilled Wings Combo,Regular Buffalo Fries,10 pc Grilled Wings
9372715967,Ranch Dip - Regular,Regular Buffalo Fries,30 pc Grilled Wings
1314642807,10 pc Grilled Wings,10 pc Spicy Wings,10 pc Grilled Wings Combo
2865805634,Ranch Dip - Regular,Regular Buffalo Fries,Fried Corn - Regular
5617228814,Ranch Dip - Regular,20pc Spicy Feast Deal,Regular Buffalo Fries
5425933078,Ranch Dip - Regular,Regular Buffalo Fries,30 pc Grilled Wings
3590087409,10 pc Spicy Wings,10 pc Grilled Wings,Ranch Dip - Large
5934553009,Regular Buffalo Fries,10 pc Grilled Wings Combo,10 pc Grilled Wings
3267095901,Regular Buffalo Fries,10 pc Grilled Wings,10 pc Grilled Wings Combo
436976608,Ranch Dip - Regular,Regular Buffalo Fries,20pc Spicy Feast Deal
7726011753,10 pc Grilled Wings Combo,10 pc Grilled Wings,Ranch Dip - Large
9758880014,Ranch Dip - Regular,Regular Buffalo Fries,20pc Spicy Feast Deal
3479105977,Ranch Dip - Regular,10 pc Grilled Wings Combo,10 pc Grilled Wings
9997036111,Ranch Dip - Regular,2 pc Crispy Strips,6 pc Grilled Wings Combo
7050848622,10 pc Grilled Wings Combo,Regular Buffalo Fries,10 pc Grilled Wings
5110319953,Regular Buffalo Fries,20pc Spicy Feast Deal,10 pc Grilled Wings
7661948713,Ranch Dip - Regular,20pc Spicy Feast Deal,Regular Buffalo Fries
2437964046,10 pc Spicy Wings,20pc Spicy Feast Deal,10 pc Grilled Wings
9758065139,Ranch Dip - Regular,10 pc Spicy Wings,10 pc Grilled Wings
2969061832,Ranch Dip - Regular,Regular Buffalo Fries,Fried Corn - Regular
7253572628,Ranch Dip - Regular,Large Buffalo Fries,10 pc Grilled Wings
7701256547,10 pc Grilled Wings Combo,Regular Buffalo Fries,10 pc Grilled Wings
2128238633,Ranch Dip - Regular,2 pc Crispy Strips,8 pc Grilled Wings Combo
8102795135,Ranch Dip - Regular,20pc Spicy Feast Deal,Regular Buffalo Fries
8255233180,10 pc Grilled Wings Combo,Regular Buffalo Fries,10 pc Grilled Wings
504997448,Regular Buffalo Fries,10 pc Grilled Wings,Ranch Dip - Large
654242816,Ranch Dip - Regular,10 pc Spicy Wings,20pc Spicy Feast Deal
8606917174,Ranch Dip - Regular,20pc Spicy Feast Deal,Regular Buffalo Fries
9942204227,Ranch Dip - Regular,10 pc Spicy Wings,20pc Spicy Feast Deal
4549933767,Ranch Dip - Regular,20pc Spicy Feast Deal,Regular Buffalo Fries
100707875,20pc Spicy Feast Deal,10 pc Grilled Wings Combo,Regular Buffalo Fries
7752535202,Ranch Dip - Regular,Regular Buffalo Fries,10 pc Spicy Wings
2338969583,Ranch Dip - Regular,2 pc Crispy Strips,10 pc Grilled Wings Combo
6264979153,Ranch Dip - Regular,Regular Buffalo Fries,8 pc Grilled Wings Combo
5300940866,10 pc Grilled Wings Combo,Regular Buffalo Fries,10 pc Grilled Wings
7548883793,10 pc Grilled Wings Combo,Regular Buffalo Fries,10 pc Grilled Wings
7931336805,10 pc Spicy Wings,20pc Spicy Feast Deal,10 pc Grilled Wings
6859778504,Ranch Dip - Regular,Regular Buffalo Fries,50 pc Grilled Wings
6161303699,Ranch Dip - Regular,10 pc Spicy Wings,20 pc Mixed Wings
2582945416,20pc Spicy Feast Deal,10 pc Grilled Wings Combo,Regular Buffalo Fries
6771265729,Ranch Dip - Regular,Regular Buffalo Fries,10 pc Spicy Wings
5861180636,Ranch Dip - Regular,10 pc Spicy Wings,2 pc Crispy Strips
4646163496,Ranch Dip - Regular,20pc Spicy Feast Deal,Fried Corn - Regular
7975469058,Ranch Dip - Regular,Regular Buffalo Fries,20pc Spicy Feast Deal
5871015600,10 pc Grilled Wings Combo,Regular Buffalo Fries,10 pc Grilled Wings
7731027861,10 pc Grilled Wings Combo,Regular Buffalo Fries,20pc Spicy Feast Deal
6964711185,Regular Buffalo Fries,10 pc Grilled Wings,20pc Spicy Feast Deal
3232224117,Regular Buffalo Fries,10 pc Grilled Wings Combo,10 pc Spicy Wings
5290320068,Ranch Dip - Regular,10 pc Spicy Wings,10 pc Grilled Wings
6903757839,20pc Spicy Feast Deal,Regular Buffalo Fries,10 pc Grilled Wings Combo
1335999970,Ranch Dip - Regular,10 pc Spicy Wings,20pc Spicy Feast Deal
3126638899,Ranch Dip - Regular,20pc Spicy Feast Deal,Large Buffalo Fries
8314124932,Ranch Dip - Regular,20pc Spicy Feast Deal,Large Buffalo Fries
9037830847,10 pc Spicy Wings,10 pc Grilled Wings,2 pc Crispy Strips
4018471819,Regular Buffalo Fries,10 pc Spicy Wings,10 pc Grilled Wings
3067951623,Regular Buffalo Fries,10 pc Grilled Wings Combo,10 pc Grilled Wings
8064804863,10 pc Grilled Wings Combo,Regular Buffalo Fries,10 pc Grilled Wings
3521923246,Ranch Dip - Regular,10 pc Grilled Wings,20 pc Mixed Wings
582475633,Ranch Dip - Regular,Regular Buffalo Fries,20pc Spicy Feast Deal
364058812,Ranch Dip - Regular,20pc Spicy Feast Deal,10 pc Spicy Wings
2228417806,Ranch Dip - Regular,20pc Spicy Feast Deal,10 pc Grilled Wings Combo
1288443627,Ranch Dip - Regular,8 pc Grilled Wings Combo,2 pc Crispy Strips
2328284131,Ranch Dip - Regular,6 pc Grilled Wings Combo,2 pc Crispy Strips
3230242008,Ranch Dip - Regular,Regular Buffalo Fries,20pc Spicy Feast Deal
8418896892,Ranch Dip - Regular,10 pc Spicy Wings,Large Buffalo Fries
1169552220,Ranch Dip - Regular,10 pc Spicy Wings,2 pc Crispy Strips
3984156844,10 pc Grilled Wings Combo,Regular Buffalo Fries,20pc Spicy Feast Deal
3178637520,10 pc Grilled Wings Combo,Regular Buffalo Fries,10 pc Grilled Wings
1506149665,Ranch Dip - Regular,Regular Buffalo Fries,20pc Spicy Feast Deal
4083250014,Ranch Dip - Regular,10 pc Grilled Wings Combo,10 pc Grilled Wings
3191100978,Ranch Dip - Regular,10 pc Grilled Wings Combo,30 pc Grilled Wings
1125870929,10 pc Grilled Wings Combo,Regular Buffalo Fries,20pc Spicy Feast Deal
5518487619,10 pc Spicy Wings,10 pc Grilled Wings,20pc Spicy Feast Deal
2695669964,Ranch Dip - Regular,10 pc Grilled Wings Combo,10 pc Grilled Wings
3481824376,6 pc Grilled Wings Combo,Regular Buffalo Fries,10 pc Grilled Wings
6700836606,Ranch Dip - Regular,Regular Buffalo Fries,10 pc Grilled Wings Combo
8104159505,Ranch Dip - Regular,Regular Buffalo Fries,10 pc Grilled Wings
6217000779,Regular Buffalo Fries,10 pc Grilled Wings Combo,20pc Spicy Feast Deal
4663389596,Ranch Dip - Regular,Regular Buffalo Fries,Fried Corn - Regular
4596703393,Ranch Dip - Regular,Regular Buffalo Fries,30 pc Mixed Wings
754466,Ranch Dip - Regular,Regular Buffalo Fries,10 pc Grilled Wings Combo
8502366372,Ranch Dip - Regular,Regular Buffalo Fries,30 pc Mixed Wings
813605760,Ranch Dip - Regular,10 pc Grilled Wings Combo,32 Oz Soda
7688986900,Ranch Dip - Regular,10 pc Grilled Wings Combo,2 pc Crispy Strips
8987301317,Ranch Dip - Regular,10 pc Grilled Wings Combo,20pc Spicy Feast Deal
4930451767,Ranch Dip - Regular,10 pc Grilled Wings,20pc Spicy Feast Deal
3004367422,Ranch Dip - Regular,8 pc Grilled Wings Combo,Add 5 Grilled Wings
7349043672,Ranch Dip - Regular,Regular Buffalo Fries,2 pc Crispy Strips
9430655543,Regular Buffalo Fries,10 pc Grilled Wings Combo,20pc Spicy Feast Deal
7070938576,Ranch Dip - Large,20pc Spicy Feast Deal,100 pc Spicy Wings
6649206674,Ranch Dip - Regular,20pc Spicy Feast Deal,20 pc Grilled Wings
5023345932,Ranch Dip - Regular,20pc Spicy Feast Deal,Regular Buffalo Fries
6515651298,10 pc Grilled Wings Combo,20pc Spicy Feast Deal,Regular Buffalo Fries
9638975026,Ranch Dip - Regular,10 pc Spicy Wings,20pc Spicy Feast Deal
7063681070,10 pc Grilled Wings Combo,Regular Buffalo Fries,20pc Spicy Feast Deal
3568402181,10 pc Grilled Wings,10 pc Spicy Wings,10 pc Grilled Wings Combo
1993968736,Ranch Dip - Regular,Regular Buffalo Fries,20pc Spicy Feast Deal
3734776068,Ranch Dip - Regular,2 pc Crispy Strips,6 pc Spicy Wings Combo
8717250067,Ranch Dip - Regular,10 pc Grilled Wings Combo,Regular Buffalo Fries
7694666875,Ranch Dip - Regular,Regular Buffalo Fries,10 pc Spicy Wings
7521247025,10 pc Grilled Wings Combo,Regular Buffalo Fries,10 pc Grilled Wings
5003789272,10 pc Grilled Wings Combo,Regular Buffalo Fries,10 pc Grilled Wings
7237130974,10 pc Grilled Wings Combo,10 pc Grilled Wings,Ranch Dip - Large
8847253260,Ranch Dip - Regular,20pc Spicy Feast Deal,Regular Buffalo Fries
2660543173,Ranch Dip - Regular,Large Buffalo Fries,20 pc Grilled Wings
6219663862,Regular Buffalo Fries,10 pc Grilled Wings Combo,10 pc Grilled Wings
3553842011,10 pc Grilled Wings Combo,Regular Buffalo Fries,10 pc Grilled Wings
7139756497,Ranch Dip - Regular,Regular Buffalo Fries,2 pc Crispy Strips
8800574599,10 pc Grilled Wings Combo,20pc Spicy Feast Deal,Regular Buffalo Fries
207570796,Regular Buffalo Fries,Ranch Dip - Large,10 pc Grilled Wings
5112384203,Ranch Dip - Regular,20pc Spicy Feast Deal,Large Buffalo Fries
3423105195,20pc Spicy Feast Deal,Ranch Dip - Large,10 pc Grilled Wings
3708002454,Ranch Dip - Regular,100 pc Grilled Wings,Regular Buffalo Fries
7158018434,Ranch Dip - Regular,2 pc Crispy Strips,Large Buffalo Fries
4907599393,Ranch Dip - Regular,2 pc Crispy Strips,8 pc Grilled Wings Combo
6111921688,Ranch Dip - Regular,Regular Buffalo Fries,6 pc Grilled Wings Combo
5559459151,Ranch Dip - Regular,Large Buffalo Fries,20pc Spicy Feast Deal
7114189708,Regular Buffalo Fries,10 pc Grilled Wings,Ranch Dip - Large
5831876998,Ranch Dip - Regular,Regular Buffalo Fries,20pc Spicy Feast Deal
6823197622,20pc Spicy Feast Deal,Regular Buffalo Fries,10 pc Grilled Wings Combo
6389477181,Ranch Dip - Regular,Regular Buffalo Fries,10 pc Grilled Wings
2648256571,Regular Buffalo Fries,10 pc Grilled Wings,Blue Cheese Dip - Regular
9902014732,10 pc Grilled Wings Combo,Regular Buffalo Fries,20pc Spicy Feast Deal
5064032494,Ranch Dip - Regular,Regular Buffalo Fries,Fried Corn - Regular
9211205202,20pc Spicy Feast Deal,10 pc Grilled Wings Combo,Regular Buffalo Fries
8937547304,Regular Buffalo Fries,10 pc Grilled Wings,Ranch Dip - Large
4339324424,Ranch Dip - Regular,10 pc Spicy Wings,2 pc Crispy Strips
7120969695,Ranch Dip - Regular,Large Buffalo Fries,10 pc Spicy Wings
518249569,Ranch Dip - Regular,10 pc Grilled Wings,10 pc Spicy Wings
5210918158,10 pc Grilled Wings Combo,Regular Buffalo Fries,20pc Spicy Feast Deal
6136689813,Ranch Dip - Regular,Regular Buffalo Fries,20pc Spicy Feast Deal
4690656538,Ranch Dip - Regular,Regular Buffalo Fries,2 pc Crispy Strips
4779418228,Ranch Dip - Regular,Regular Buffalo Fries,Fried Corn - Regular
1785474447,Ranch Dip - Regular,20pc Spicy Feast Deal,10 pc Grilled Wings Combo
2672940831,Ranch Dip - Regular,2 pc Crispy Strips,Chicken Sub Combo
5365141642,Regular Buffalo Fries,10 pc Grilled Wings,20pc Spicy Feast Deal
3719443685,Ranch Dip - Regular,10 pc Grilled Wings Combo,10 pc Grilled Wings
9664042351,Ranch Dip - Regular,20pc Spicy Feast Deal,Regular Buffalo Fries
4591227581,Ranch Dip - Regular,6 pc Grilled Wings Combo,Fried Corn - Regular
6697547638,Ranch Dip - Regular,20pc Spicy Feast Deal,10 pc Grilled Wings Combo
3066847925,20pc Spicy Feast Deal,Ranch Dip - Large,10 pc Grilled Wings
1183994281,10 pc Grilled Wings Combo,20pc Spicy Feast Deal,Regular Buffalo Fries
716660539,Ranch Dip - Regular,8 pc Grilled Wings Combo,Fried Corn - Regular
6629051234,Ranch Dip - Regular,10 pc Spicy Wings,20 pc Mixed Wings
9876206587,20pc Spicy Feast Deal,Ranch Dip - Regular,Large Buffalo Fries
4578851950,10 pc Grilled Wings,20pc Spicy Feast Deal,10 pc Grilled Wings Combo
1099699387,Ranch Dip - Regular,Regular Buffalo Fries,10 pc Grilled Wings Combo
2488425435,Ranch Dip - Regular,10 pc Spicy Wings,10 pc Grilled Wings
3807612147,10 pc Spicy Wings,10 pc Grilled Wings,Ranch Dip - Large
1324672225,Ranch Dip - Regular,Regular Buffalo Fries,10 pc Grilled Wings
3224322137,Regular Buffalo Fries,10 pc Grilled Wings,Blue Cheese Dip - Regular
2080439382,20pc Spicy Feast Deal,10 pc Grilled Wings Combo,Regular Buffalo Fries
5790578362,Ranch Dip - Regular,Regular Buffalo Fries,2 pc Crispy Strips
371107248,Ranch Dip - Regular,6 pc Grilled Wings Combo,Fried Corn - Regular
7519184133,Regular Buffalo Fries,10 pc Grilled Wings Combo,20pc Spicy Feast Deal
8800902863,10 pc Spicy Wings,10 pc Grilled Wings,Large Buffalo Fries
2611475190,10 pc Spicy Wings,10 pc Grilled Wings,Ranch Dip - Large
